stadiumId,tenantId,teamName,league,conference,division,city,state,country,stadiumName,nonCorporateName,shortName,formerNames,surface,roof,constructionCost,renovations,artificialCapacity,capacity,openingDate,firstUsedDate,lastUsedDate,closingDate,active,activeForTeam,visited,visits,logoUrl,markerSizeX,markerSizeY,positionLat,positionLng,imageWithFans,imageEmpty,imageFacade,imageAerial,primaryFieldImage,primaryPerspectiveImage
target-field-minnesota-2010,MinnesotaTwins,Minnesota Twins,MLB,AL,Central,Minneapolis,MN,USA,Target Field,,,,Grass,Open,555000000,,,38544,2010,2010,,,True,True,False,0,https://i.imgur.com/vqoft3j.png,30,30,44.98178,-93.27754,https://i.imgur.com/D6fxkXy.jpg,https://i.imgur.com/6pRftli.jpg,https://i.imgur.com/Q6qjkAr.jpg,https://i.imgur.com/VTJE0Dn.jpg,https://i.imgur.com/6pRftli.jpg,https://i.imgur.com/VTJE0Dn.jpg
coors-field-denver-1995,ColoradoRockies,Colorado Rockies,MLB,NL,West,Denver,CO,USA,Coors Field,,,,Grass,Open,300000000,,,46897,1995,1995,,,True,True,True,1,https://i.imgur.com/N1t7jiy.png,30,32,39.75588,-104.99417,https://i.imgur.com/oXucnn6.jpg,https://i.imgur.com/XGAAHng.jpg,https://i.imgur.com/VPzoRqU.jpg,https://i.imgur.com/lsvfX5k.jpg,https://i.imgur.com/XGAAHng.jpg,https://i.imgur.com/lsvfX5k.jpg
nationals-park-dc-2008,WashingtonNationals,Washington Nationals,MLB,NL,East,Washington,D.C.,USA,Nationals Park,,,,Grass,Open,693000000,,,41339,2008,2008,,,True,True,False,0,https://i.imgur.com/j37GTwJ.png,30,30,38.87301,-77.00743,https://i.imgur.com/s4hWSU0.jpg,https://i.imgur.com/7gRrDW9.jpg,https://i.imgur.com/tMjGyWc.jpg,https://i.imgur.com/28DwE4G.jpg,https://i.imgur.com/s4hWSU0.jpg,https://i.imgur.com/28DwE4G.jpg
fenway-park-boston-1912,BostonRedSox,Boston Red Sox,MLB,AL,East,Boston,MA,USA,Fenway Park,,,,Grass,Open,650000,,,37755,1912,1912,,,True,True,False,0,https://i.imgur.com/fVjLajI.png,47,30,42.34667,-71.09721,https://i.imgur.com/DdZOocU.jpg,https://i.imgur.com/l2XXJLr.jpg,https://i.imgur.com/8ZL7mwm.jpg,https://i.imgur.com/1TlsvOp.jpg,https://i.imgur.com/DdZOocU.jpg,https://i.imgur.com/1TlsvOp.jpg
angel-stadium-los-angeles-1966,LosAngelesAngels,Los Angeles Angels,MLB,AL,West,Anaheim,CA,USA,Angel Stadium,,,,Grass,Open,24000000,118000000 (1998),,45517,1966,1966,,,True,True,False,0,https://i.imgur.com/bbaHFP0.png,27,36,33.8003,-117.88273,https://i.imgur.com/pnXxVsN.jpg,https://i.imgur.com/7gLjGTf.jpg,https://i.imgur.com/VWGBrNy.jpg,https://i.imgur.com/wfzjd32.jpg,https://i.imgur.com/pnXxVsN.jpg,https://i.imgur.com/wfzjd32.jpg
guaranteed-rate-field-chicago-1991,ChicagoWhiteSox,Chicago White Sox,MLB,AL,Central,Chicago,IL,USA,Guaranteed Rate Field,,,Comiskey Park (1991-2003) --- U.S. Cellular Field (2003-2016),Grass,Open,137000000,118000000 (2001-2007),,40615,1991,1991,,,True,True,False,0,https://i.imgur.com/bDkv7lU.png,30,30,41.8299,-87.63375,https://i.imgur.com/kaLmkHh.jpg,https://i.imgur.com/QwJ2On6.jpg,https://i.imgur.com/ZDSS5nl.jpg,https://i.imgur.com/aXaFOJ1.jpg,https://i.imgur.com/kaLmkHh.jpg,https://i.imgur.com/aXaFOJ1.jpg
citizens-bank-park-philadelphia-2004,PhiladelphiaPhillies,Philadelphia Phillies,MLB,NL,East,Philadelphia,PA,USA,Citizens Bank Park,,,,Grass,Open,458000000,,,42792,2004,2004,,,True,True,False,0,https://i.imgur.com/yirUumW.png,46,30,39.90605,-75.16649,https://i.imgur.com/ooUYcJt.jpg,https://i.imgur.com/4ciRxon.jpg,https://i.imgur.com/JfObDye.jpg,https://i.imgur.com/9CmQ18f.jpg,https://i.imgur.com/ooUYcJt.jpg,https://i.imgur.com/9CmQ18f.jpg
rogers-centre-toronto-1989,TorontoBlueJays,Toronto Blue Jays,MLB,AL,East,Toronto,ON,Canada,Rogers Centre,SkyDome,,SkyDome (1989-2005),Artificial turf,Retractable,570000000,,,49282,1989,1989,,,True,True,False,0,https://i.imgur.com/p0H6fLq.png,50,32,43.64177,-79.38914,https://i.imgur.com/ynZbskg.jpg,https://i.imgur.com/BP9TLdL.jpg,https://i.imgur.com/mRikF1J.jpg,https://i.imgur.com/TVGZQ3C.jpg,https://i.imgur.com/ynZbskg.jpg,https://i.imgur.com/TVGZQ3C.jpg
oracle-park-san-francisco-2000,SanFranciscoGiants,San Francisco Giants,MLB,NL,West,San Francisco,CA,USA,Oracle Park,,,Pacific Bell Park (2000-2003) --- SBC Park (2004-2005) --- AT&T Park (2006-2018) ,Grass,Open,357000000,,,41915,2000,2000,,,True,True,False,0,https://i.imgur.com/AWPIsOT.png,45,24,37.77859,-122.38926,https://i.imgur.com/b4QJMsF.jpg,https://i.imgur.com/kegKkzc.jpg,https://i.imgur.com/8TffFiq.jpg,https://i.imgur.com/ULX55jr.jpg,https://i.imgur.com/b4QJMsF.jpg,https://i.imgur.com/ULX55jr.jpg
camden-yards-baltimore-1992,BaltimoreOrioles,Baltimore Orioles,MLB,AL,East,Baltimore,MD,USA,Oriole Park at Camden Yards,,Camden Yards,,Grass,Open,110000000,,,44970,1992,1992,,,True,True,False,0,https://i.imgur.com/j18ql14.png,32,30,39.28393,-76.62156,https://i.imgur.com/ZfrJ9wn.jpg,https://i.imgur.com/GvZ4EOX.jpg,https://i.imgur.com/9ggJa8B.jpg,https://i.imgur.com/FUEiG0Z.jpg,https://i.imgur.com/ZfrJ9wn.jpg,https://i.imgur.com/FUEiG0Z.jpg
tropicana-field-tampa-1990,TampaBayRays,Tampa Bay Rays,MLB,AL,East,St. Petersburg,FL,USA,Tropicana Field,,The Trop,Florida Suncoast Dome (1990-1993) --- ThunderDome (1993-1996),Artificial turf,Dome,130000000,,42735,25000,1990,1998,,,True,True,False,0,https://i.imgur.com/EXA7CLX.png,42,20,27.76822,-82.65339,https://i.imgur.com/bpiKX7B.jpg,https://i.imgur.com/ZVvSzBp.jpg,https://i.imgur.com/1x2gUWy.jpg,https://i.imgur.com/rziE3SL.jpg,https://i.imgur.com/bpiKX7B.jpg,https://i.imgur.com/rziE3SL.jpg
truist-park-atlanta-2017,AtlantaBraves,Atlanta Braves,MLB,NL,East,Cobb County,GA,USA,Truist Park,,,SunTrust Park (2017-2020),Grass,Open,622000000,,,41084,2017,2017,,,True,True,False,0,https://i.imgur.com/H70zwqc.png,40,15,33.89106,-84.46844,https://i.imgur.com/8WxMVI2.jpg,https://i.imgur.com/2auywGd.jpg,https://i.imgur.com/nH9sCUj.jpg,https://i.imgur.com/2Mzb1cm.jpg,https://i.imgur.com/2auywGd.jpg,https://i.imgur.com/2Mzb1cm.jpg
american-family-field-milwaukee-2001,MilwaukeeBrewers,Mliwaukee Brewers,MLB,NL,Central,Milwaukee,WI,USA,American Family Field,,,Miller Park (2001-2020),Grass,Retractable,400000000,,,41900,2001,2001,,,True,True,False,0,https://i.imgur.com/Fm1Hcon.png,30,30,43.02797,-87.97115,https://i.imgur.com/IJtRsbS.jpg,https://i.imgur.com/ebdoakg.jpg,https://i.imgur.com/tBaeYxh.jpg,https://i.imgur.com/L2PZOI2.jpg,https://i.imgur.com/IJtRsbS.jpg,https://i.imgur.com/L2PZOI2.jpg
yankee-stadium-new-york-2009,NewYorkYankees,New York Yankees,MLB,AL,East,New York City,NY,USA,Yankee Stadium,,,,Grass,Open,2300000000,,,46537,2009,2009,,,True,True,False,0,https://i.imgur.com/Txl6fSr.png,56,36,40.82964,-73.92617,https://i.imgur.com/4NV68D1.jpg,https://i.imgur.com/5JoGIiX.jpg,https://i.imgur.com/vjLBd1Q.jpg,https://i.imgur.com/dOJC8gp.jpg,https://i.imgur.com/4NV68D1.jpg,https://i.imgur.com/dOJC8gp.jpg
globe-life-field-arlington-2020,TexasRangers,Texas Rangers,MLB,AL,West,Arlington,TX,USA,Globe Life Field,,,,Artificial turf,Retractable,1100000000,,,40300,2020,2020,,,True,True,False,0,https://i.imgur.com/E4xX41A.png,30,30,32.75114,-97.08318,https://i.imgur.com/1SEGyxU.jpg,https://i.imgur.com/k4XTbpc.jpg,https://i.imgur.com/J4oYdsI.jpg,https://i.imgur.com/b9LDE7n.jpg,https://i.imgur.com/1SEGyxU.jpg,https://i.imgur.com/b9LDE7n.jpg
dodger-stadium-los-angeles-1962,LosAngelesDodgers,Los Angeles Dodgers,MLB,NL,West,Los Angeles,CA,USA,Dodger Stadium,,,,Grass,Open,23000000,,,56000,1962,1962,,,True,True,False,0,https://i.imgur.com/VS8ATo6.png,36,37,34.07385,-118.23995,https://i.imgur.com/MxmpluH.jpg,https://i.imgur.com/c6TDPi2.jpg,https://i.imgur.com/5ZJBZcI.jpg,https://i.imgur.com/3llwsgU.jpg,https://i.imgur.com/MxmpluH.jpg,https://i.imgur.com/3llwsgU.jpg
wrigley-field-chicago-1914,ChicagoCubs,Chicago Cubs,MLB,NL,Central,Chicago,IL,USA,Wrigley Field,,,Weeghman Park (1914-1920) --- Cubs Park (1920-1926) ,Grass,Open,250000,,,41649,1914,1914,,,True,True,True,1,https://i.imgur.com/pZQdy5u.png,30,30,41.94843,-87.65533,https://i.imgur.com/0I1B6cW.jpg,https://i.imgur.com/i2t2YCj.jpg,https://i.imgur.com/YlaBoQ5.jpg,https://i.imgur.com/TAhbcih.jpg,https://i.imgur.com/0I1B6cW.jpg,https://i.imgur.com/TAhbcih.jpg
ring-central-coliseum-oakland-1966,OaklandAthletics,Oakland Athletics,MLB,AL,West,Oakland,CA,USA,RingCentral Coliseum,Oakland Coliseum,,Oakland-Alameda County Coliseum (1966-1998 2008-2011 2016-2019) --- Network Associates Coliseum (1998-2004) --- McAfee Coliseum (2004-2008) --- Overstock.com Coliseum (2011) --- O.co Coliseum (2011-2016),Grass,Open,25500000,200000000 (1995-1996),56782,46847,1966,1968,,,True,True,False,0,https://i.imgur.com/mg4Hly7.png,30,30,37.75159,-122.20054,https://i.imgur.com/uWzpDTW.jpg,https://i.imgur.com/e3CQscc.jpg,https://i.imgur.com/XxGVEyj.jpg,https://i.imgur.com/ey6MP1c.jpg,https://i.imgur.com/uWzpDTW.jpg,https://i.imgur.com/ey6MP1c.jpg
pnc-park-pittsburgh-2001,PittsburghPirates,Pittsburgh Pirates,MLB,NL,Central,Pittsburgh,PA,USA,PNC Park,,,,Grass,Open,216000000,,,38747,2001,2001,,,True,True,False,0,https://i.imgur.com/s5RryXZ.png,26,36,40.44685,-80.00566,https://i.imgur.com/4FLXnT9.jpg,https://i.imgur.com/YLJe7Rk.jpg,https://i.imgur.com/JdXR7WT.jpg,https://i.imgur.com/1Obijig.jpg,https://i.imgur.com/4FLXnT9.jpg,https://i.imgur.com/1Obijig.jpg
petco-park-san-diego-2004,SanDiegoPadres,San Diego Padres,MLB,NL,West,San Diego,CA,USA,Petco Park,,,,Grass,Open,450000000,,,40209,2004,2004,,,True,True,False,0,https://i.imgur.com/Jusr4dd.png,29,36,32.7076,-117.15703,https://i.imgur.com/1Hl4dJt.jpg,https://i.imgur.com/qDz8arn.jpg,https://i.imgur.com/HBxCjP2.jpg,https://i.imgur.com/i0KuSmM.jpg,https://i.imgur.com/qDz8arn.jpg,https://i.imgur.com/i0KuSmM.jpg
great-american-ballpark-cincinnati-2003,CincinnatiReds,Cincinnati Reds,MLB,NL,Central,Cincinnati,OH,USA,Great American Ball Park,,,,Grass,Open,290000000,,,43500,2003,2003,,,True,True,True,21,https://i.imgur.com/l2JyIyo.png,46,24,39.097689,-84.506632,https://i.imgur.com/Ak0VKfE.jpg,https://i.imgur.com/m8G8JmU.jpg,https://i.imgur.com/6SgYHxR.jpg,https://i.imgur.com/SIYlBHW.jpg,https://i.imgur.com/Ak0VKfE.jpg,https://i.imgur.com/SIYlBHW.jpg
citi-field-new-york-2009,NewYorkMets,New York Mets,MLB,NL,East,New York City,NY,USA,Citi Field,,,,Grass,Open,900000000,,45000,41922,2009,2009,,,True,True,False,0,https://i.imgur.com/bAEClBO.png,30,30,40.75708,-73.84582,https://i.imgur.com/Rixqhj1.jpg,https://i.imgur.com/8Y00m3A.jpg,https://i.imgur.com/XAZ01cs.jpg,https://i.imgur.com/hdO9fOo.jpg,https://i.imgur.com/Rixqhj1.jpg,https://i.imgur.com/hdO9fOo.jpg
kauffman-stadium-kansas-city-1973,KansasCityRoyals,Kansas City Royals,MLB,AL,Central,Kansas City,MO,USA,Kauffman Stadium,,The K,Royals Stadium (1973-1993),Grass,Open,70000000,250000000 (2007-2009),,37903,1973,1973,,,True,True,True,2,https://i.imgur.com/qMo2kB8.png,24,38,39.05167,-94.48031,https://i.imgur.com/QySwkPx.jpg,https://i.imgur.com/932YOIa.jpg,https://i.imgur.com/UBMeQdo.jpg,https://i.imgur.com/iZHrkvW.png,https://i.imgur.com/QySwkPx.jpg,https://i.imgur.com/iZHrkvW.png
tmobile-park-seattle-1999,SeattleMariners,Seattle Mariners,MLB,AL,West,Seattle,WA,USA,T-Mobile Park,,,Safeco Field (1999-2018),Grass,Retractable,517000000,,,47929,1999,1999,,,True,True,True,8,https://i.imgur.com/q5Uuzx5.png,32,32,47.5914,-122.3325,https://i.imgur.com/wvfIaf6.jpg,https://i.imgur.com/n9W4edn.jpg,https://i.imgur.com/b4S6VXg.jpg,https://i.imgur.com/HEu89Kw.jpg,https://i.imgur.com/n9W4edn.jpg,https://i.imgur.com/HEu89Kw.jpg
marlins-park-miami-2012,MiamiMarlins,Miami Marlins,MLB,NL,East,Miami,FL,USA,LoanDepot Park,Marlins Park,,Marlins Park (2012-2020),Artificial turf,Retractable,634000000,,37442,36742,2012,2012,,,True,True,False,0,https://i.imgur.com/c3qfJfP.png,31,32,25.77776,-80.21967,https://i.imgur.com/JfBxHQj.jpg,https://i.imgur.com/Fiysdf1.jpg,https://i.imgur.com/FiiVR61.jpg,https://i.imgur.com/PLaF9An.jpg,https://i.imgur.com/Fiysdf1.jpg,https://i.imgur.com/PLaF9An.jpg
busch-stadium-st-louis-2006,StLouisCardinals,St. Louis Cardinals,MLB,NL,Central,St. Louis,MO,USA,Busch Stadium,,,,Grass,Open,365000000,,47514,45494,2006,2006,,,True,True,True,1,https://i.imgur.com/qC1d8yo.png,32,30,38.62261,-90.19282,https://i.imgur.com/J85GUMD.jpg,https://i.imgur.com/RidOPzz.jpg,https://i.imgur.com/XXLtiv6.jpg,https://i.imgur.com/RZkC7mZ.jpg,https://i.imgur.com/J85GUMD.jpg,https://i.imgur.com/RZkC7mZ.jpg
chase-field-phoenix-1998,ArizonaDiamondbacks,Arizona Diamondbacks,MLB,NL,West,Phoenix,AZ,USA,Chase Field,,,Bank One Ballpark (1998-2005),Artificial turf,Retractable,354000000,,,48405,1998,1998,,,True,True,True,1,https://i.imgur.com/voh3zsA.png,31,24,33.44533,-112.0667,https://i.imgur.com/Ppyiana.jpg,https://i.imgur.com/b4QCEST.jpg,https://i.imgur.com/lRNfYzM.jpg,https://i.imgur.com/YUG91tO.jpg,https://i.imgur.com/Ppyiana.jpg,https://i.imgur.com/YUG91tO.jpg
comerica-park-detroit-2000,DetroitTigers,Detroit Tigers,MLB,AL,Central,Detroit,MI,USA,Comerica Park,,,,Grass,Open,300000000,,,41083,2000,2000,,,True,True,False,0,https://i.imgur.com/XTpCUV7.png,27,38,42.33899,-83.04851,https://i.imgur.com/ZKhpxoj.jpg,https://i.imgur.com/fM69fh4.jpg,https://i.imgur.com/w8QMhPf.jpg,https://i.imgur.com/d3RoTkO.jpg,https://i.imgur.com/fM69fh4.jpg,https://i.imgur.com/d3RoTkO.jpg
minute-maid-park-houston-2000,HoustonAstros,Houston Astros,MLB,AL,West,Houston,TX,USA,Minute Maid Park,,The Juice Box,The Ballpark at Union Station (2000) --- Enron Field (2000-2002) --- Astros Field (2002),Grass,Retractable,250000000,,,41168,2000,2000,,,True,True,False,0,https://i.imgur.com/EgCfQ9f.png,30,30,29.75726,-95.35551,https://i.imgur.com/IWz9wjC.jpg,https://i.imgur.com/2fPSyuk.jpg,https://i.imgur.com/WfgMPqm.jpg,https://i.imgur.com/CmDINox.jpg,https://i.imgur.com/IWz9wjC.jpg,https://i.imgur.com/CmDINox.jpg
progressive-field-cleveland-1994,ClevelandGuardians,Cleveland Guardians,MLB,AL,Central,Cleveland,OH,USA,Progressive Field,Jacobs Field,The Jake,Jacobs Field (1994-2007),Grass,Open,175000000,,,34830,1994,1994,,,True,True,False,0,https://i.imgur.com/M5nhJyu.png,27,34,41.49621,-81.68522,https://i.imgur.com/w9Sy5Rb.jpg,https://i.imgur.com/88aB6SR.jpg,https://i.imgur.com/jPUtolc.jpg,https://i.imgur.com/AQzBmuj.jpg,https://i.imgur.com/w9Sy5Rb.jpg,https://i.imgur.com/AQzBmuj.jpg
geodis-nashville-2022,NashvilleSC,Nashville SC,MLS,Western,,Nashville,TN,USA,Geodis Park,,,,Grass,Partial,335000000,,,30000,2022,2022,,,True,True,False,0,https://i.imgur.com/atXMzIF.png,26,37,36.1300835181237,-86.7659040441746,https://i.imgur.com/4siGq9I.jpg,https://i.imgur.com/lNLWjyD.jpg,https://i.imgur.com/H2XVTNo.jpg,https://i.imgur.com/g2U2fGH.jpg,https://i.imgur.com/4siGq9I.jpg,https://i.imgur.com/g2U2fGH.jpg
bmo-field-toronto-2007,TorontoFC,Toronto FC,MLS,Eastern,,Toronto,ON,Canada,BMO Field,,,,Grass,Partial,61900000,5500000 (2010) --- 120000000 (2014-2016),40000,28351,2007,2007,,,True,True,False,0,https://i.imgur.com/DCwq9ve.png,46,30,43.6331391180691,-79.418594744011,https://i.imgur.com/obSJbsK.jpg,https://i.imgur.com/wxgKJEp.jpg,https://i.imgur.com/24fiwGF.jpg,https://i.imgur.com/rLsEXTS.jpg,https://i.imgur.com/wxgKJEp.jpg,https://i.imgur.com/rLsEXTS.jpg
soldier-field-chicago-1924,ChicagoFire,Chicago Fire FC,MLS,Eastern,,Chicago,IL,USA,Soldier Field,,,Municipal Grant Park Stadium (1924-1925),Grass,Open,13000000,632000000 (2002-2003),61500,24955,1924,1998,,,True,True,False,0,https://i.imgur.com/iIHzf2H.png,32,32,41.8622892081974,-87.6166669440524,https://i.imgur.com/sshDmyb.jpg,https://i.imgur.com/8AgH2HJ.jpg,https://i.imgur.com/HhyUV6Z.jpg,https://i.imgur.com/k4gqdVD.jpg,https://i.imgur.com/8AgH2HJ.jpg,https://i.imgur.com/k4gqdVD.jpg
dicks-sporting-goods-colorado-2007,ColoradoRapids,Colorado Rapids,MLS,Western,,Commerce City,CO,USA,Dick's Sporting Goods Park,,,,Grass,Partial,64500000,,,18061,2007,2007,,,True,True,False,0,https://i.imgur.com/IdBWCuF.png,26,39,39.8056119372285,-104.891773886426,https://i.imgur.com/pxWZVea.jpg,https://i.imgur.com/YiVwyVZ.jpg,https://i.imgur.com/RgA1TVl.jpg,https://i.imgur.com/pr9FKop.jpg,https://i.imgur.com/YiVwyVZ.jpg,https://i.imgur.com/pr9FKop.jpg
exploria-stadium-orlando-2017,OrlandoCitySC,Orlando City SC,MLS,Eastern,,Orlando,FL,USA,Exploria Stadium,,,Orlando City Stadium (2017-2019),Grass,Partial,155000000,,,25500,2017,2017,,,True,True,False,0,https://i.imgur.com/jAKqpwE.png,28,32,28.5411639323656,-81.3890693019798,https://i.imgur.com/5gCCHDb.jpg,https://i.imgur.com/7WxM5DX.jpg,https://i.imgur.com/WcbFs2X.jpg,https://i.imgur.com/jcqY2yE.jpg,https://i.imgur.com/7WxM5DX.jpg,https://i.imgur.com/jcqY2yE.jpg
gillette-stadium-new-england-2002,NewEnglandRevolution,New England Revolution,MLS,Eastern,,Foxborough,MA,USA,Gillette Stadium,,,,Grass,Open,325000000,,65878,20000,2002,2002,,,True,True,False,0,https://i.imgur.com/8CYaLwK.png,32,32,42.0909378174329,-71.2643250440471,https://i.imgur.com/V2juq33.jpg,https://i.imgur.com/5Ao8amh.jpg,https://i.imgur.com/FhdHxzW.jpg,https://i.imgur.com/2aC0Gy2.jpg,https://i.imgur.com/5Ao8amh.jpg,https://i.imgur.com/2aC0Gy2.jpg
providence-park-portland-1926,PortlandTimbers,Portland Timbers,MLS,Western,,Portland,OR,USA,Providence Park,,,Multnomah Field (1893-1926) --- Multnomah Stadium (1926-1965) --- Civic Stadium (1966-2000) --- PGE Park (2001-2010) --- jeld-Wen Field (2011-2014) ,Artificial turf,Partial,502000,36000000 (2010) --- 85000000 (2018-2019),,25218,1926,2011,,,True,True,True,1,https://i.imgur.com/g45eD51.png,32,33,45.521508810741,-122.691844401637,https://i.imgur.com/uzw3yJt.jpg,https://i.imgur.com/G3AwX40.jpg,https://i.imgur.com/LKfYEMf.jpg,https://i.imgur.com/SBU6rH6.jpg,https://i.imgur.com/uzw3yJt.jpg,https://i.imgur.com/SBU6rH6.jpg
paypal-park-san-jose-2015,SanJoseEarthquakes,San Jose Earthquakes,MLS,Western,,San Jose,CA,USA,PayPal Park,,,Avaya Stadium (2015-2020) --- Earthquakes Stadium (2020-2021) ,Grass,Partial,100000000,,,18000,2015,2015,,,True,True,False,0,https://i.imgur.com/SXRDMDN.png,29,36,37.3511280510446,-121.924651801823,https://i.imgur.com/HFAwxuX.jpg,https://i.imgur.com/mcmZV0u.jpg,https://i.imgur.com/zaT6Sj1.jpg,https://i.imgur.com/92rYAL4.jpg,https://i.imgur.com/mcmZV0u.jpg,https://i.imgur.com/92rYAL4.jpg
red-bull-arena-nj-2010,NewYorkRedBulls,New York Red Bulls,MLS,Eastern,,Harrison,NJ,USA,Red Bull Arena,,,,Grass,Partial,200000000,,,25000,2010,2010,,,True,True,False,0,https://i.imgur.com/FOyH5uw.png,40,26,40.7368191910317,-74.1502355017504,https://i.imgur.com/FBic7E9.jpg,https://i.imgur.com/YNx2fI2.jpg,https://i.imgur.com/iCQbWmZ.jpg,https://i.imgur.com/oxNF5Lm.jpg,https://i.imgur.com/FBic7E9.jpg,https://i.imgur.com/oxNF5Lm.jpg
bc-place-vancouver-1983,VancouverWhitecaps,Vancouver Whitecaps FC,MLS,Western,,Vancouver,BC,Canada,BC Place,,,,Artificial turf,Retractable,126100000,514000000 (2011),54500,22120,1983,2011,,,True,True,False,0,https://i.imgur.com/kvyunuD.png,29,38,49.2767149814351,-123.112009730377,https://i.imgur.com/0uqGM1i.jpg,https://i.imgur.com/dKxdS6B.jpg,https://i.imgur.com/IopnWdJ.jpg,https://i.imgur.com/mfHWfFc.jpg,https://i.imgur.com/0uqGM1i.jpg,https://i.imgur.com/mfHWfFc.jpg
subaru-park-philadelphia-2010,PhiladelphiaUnion,Philadelphia Union,MLS,Eastern,,Chester,PA,USA,Subaru Park,,,PPL Park (2010-2015) --- Talen Energy Stadium (2016-2019) ,Grass,Partial,120000000,,,18500,2010,2010,,,True,True,False,0,https://i.imgur.com/yt0mZlU.png,32,32,39.8326547238581,-75.3784162594429,https://i.imgur.com/ntII0kq.jpg,https://i.imgur.com/fXNsZXo.jpg,https://i.imgur.com/b2FJUv0.png,https://i.imgur.com/ssFLvfM.jpg,https://i.imgur.com/fXNsZXo.jpg,https://i.imgur.com/ssFLvfM.jpg
pnc-stadium-houston-2012,HoustonDynamo,Houston Dynamo FC,MLS,Western,,Houston,TX,USA,PNC Stadium,,,BBVA Compass Stadium (2012-2019) --- BBVA Stadium (2019-2021) ,Grass,Partial,95000000,,,22039,2012,2012,,,True,True,False,0,https://i.imgur.com/mUQUSgg.png,30,37,29.7521316236544,-95.3522386866158,https://i.imgur.com/Qse8N1J.jpg,https://i.imgur.com/A26UbHE.jpg,https://i.imgur.com/J9mOte0.jpg,https://i.imgur.com/nSSLuUf.jpg,https://i.imgur.com/A26UbHE.jpg,https://i.imgur.com/nSSLuUf.jpg
toyota-stadium-dallas-2005,FCDallas,FC Dallas,MLS,Western,,Frisco,TX,USA,Toyota Stadium,,,Pizza Hut Park (2005-2012) --- FC Dallas Stadium (2012-2013) ,Grass,Open,80000000,55000000 (2018),,19096,2005,2005,,,True,True,False,0,https://i.imgur.com/H68llNT.png,32,32,33.1543019163922,-96.8351956153945,https://i.imgur.com/8pEvhOg.jpg,https://i.imgur.com/3eZBRzt.jpg,https://i.imgur.com/EPYwBW3.jpg,https://i.imgur.com/d1A123A.jpg,https://i.imgur.com/8pEvhOg.jpg,https://i.imgur.com/d1A123A.jpg
bank-of-america-stadium-charlotte-1996,CharlotteFC,Charlotte FC,MLS,Eastern,,Charlotte,NC,USA,Bank of America Stadium,,,Ericsson Stadium (1996-2004),Artificial turf,Open,248000000,,74867,38000,1996,2022,,,True,True,False,0,https://i.imgur.com/9hQcdkx.png,32,32,35.2257707159798,-80.8529435441922,https://i.imgur.com/VIzM3pD.jpg,https://i.imgur.com/Tv7FAqP.jpg,https://i.imgur.com/0EhPQaX.jpg,https://i.imgur.com/sUzfK8W.jpg,https://i.imgur.com/Tv7FAqP.jpg,https://i.imgur.com/sUzfK8W.jpg
drv-pnk-stadium-miami-2020,InterMiami,Inter Miami CF,MLS,Eastern,,Fort Lauderdale,FL,USA,DRV PNK Stadium,,,Inter Miami CF Stadium (2020-2021),Grass,Partial,60000000,,,18000,2020,2020,,,True,True,False,0,https://i.imgur.com/5bWktSl.png,32,32,26.1931030562584,-80.1610136731775,https://i.imgur.com/7mGxd6V.jpg,https://i.imgur.com/Lrb04nh.jpg,https://i.imgur.com/R5wZ0va.jpg,https://i.imgur.com/9ZXQG0y.jpg,https://i.imgur.com/7mGxd6V.jpg,https://i.imgur.com/9ZXQG0y.jpg
childrens-mercy-park-kansas-city-2011,SportingKansasCity,Sporting Kansas City,MLS,Western,,Kansas City,KS,USA,Children's Mercy Park,,,Livestrong Sporting Park (2011-2013) --- Sporting Park (2013-2015),Grass,Partial,200000000,,,18467,2011,2011,,,True,True,True,2,https://i.imgur.com/sZFTSeX.png,31,35,39.1215679088635,-94.8231552441131,https://i.imgur.com/kabRx66.png,https://i.imgur.com/B6z8llV.jpg,https://i.imgur.com/SwTciaa.jpg,https://i.imgur.com/TpyqULs.jpg,https://i.imgur.com/kabRx66.png,https://i.imgur.com/TpyqULs.jpg
dignity-health-sports-park-los-angeles-2003,LAGalaxy,LA Galaxy,MLS,Western,,Carson,CA,USA,Dignity Health Sports Park,,,Home Depot Center (2003-2013) --- StubHub Center (2013-2018),Grass,Partial,150000000,,,27000,2003,2003,,,True,True,False,0,https://i.imgur.com/KsTwyxz.png,30,38,33.8643242278444,-118.261164059563,https://i.imgur.com/ooG8jWP.jpg,https://i.imgur.com/QOBysWG.jpg,https://i.imgur.com/FLyJMvg.jpg,https://i.imgur.com/8f88jzs.jpg,https://i.imgur.com/ooG8jWP.jpg,https://i.imgur.com/8f88jzs.jpg
yankee-stadium-new-york-2009,NYCFC,New York City FC,MLS,Eastern,,New York City,NY,USA,Yankee Stadium,,,,Grass,Open,2300000000,,47309,30321,2009,2015,,,True,True,False,0,https://i.imgur.com/Ffy9HIh.png,32,32,40.8296506972683,-73.9261637729121,https://i.imgur.com/lVhNiVy.jpg,https://i.imgur.com/X16U7Lk.jpg,https://i.imgur.com/vjLBd1Q.jpg,https://i.imgur.com/dOJC8gp.jpg,https://i.imgur.com/lVhNiVy.jpg,https://i.imgur.com/dOJC8gp.jpg
tql-stadium-cincinnati-2021,FCCincinnati,FC Cincinnati,MLS,Eastern,,Cincinnati,OH,USA,TQL Stadium,West End Stadium,,,Grass,Partial,250000000,,,26000,2021,2021,,,True,True,False,0,https://i.imgur.com/FD53A5y.png,32,33,39.1110722051454,-84.5222442729496,https://i.imgur.com/9ICm9gK.jpg,https://i.imgur.com/9eAq9Le.jpg,https://i.imgur.com/iqktmms.jpg,https://i.imgur.com/MRhM2g0.jpg,https://i.imgur.com/9eAq9Le.jpg,https://i.imgur.com/MRhM2g0.jpg
banc-of-california-stadium-los-angeles-2018,LosAngelesFC,Los Angeles FC,MLS,Western,,Los Angeles,CA,USA,Banc of California Stadium,,,,Grass,Partial,350000000,,,22000,2018,2018,,,True,True,False,0,https://i.imgur.com/7nMUczZ.png,28,38,34.0126826469363,-118.284126744215,https://i.imgur.com/sSjqNMF.jpg,https://i.imgur.com/w5ChD99.jpg,https://i.imgur.com/SGjX2fT.jpg,https://i.imgur.com/8Dw2jt2.jpg,https://i.imgur.com/w5ChD99.jpg,https://i.imgur.com/8Dw2jt2.jpg
lumen-field-seattle-2002,SeattleSounders,Seattle Sounders FC,MLS,Western,,Seattle,WA,USA,Lumen Field,,,Seahawks Stadium (2002-2004) --- Qwest Field (2004-2011) --- CenturyLink Field (2011-2020),Artificial turf,Partial,430000000,,68740,37722,2002,2009,,,True,True,True,2,https://i.imgur.com/iCOPSIu.png,27,39,47.5951373087823,-122.331607215076,https://i.imgur.com/SJurCDg.jpg,https://i.imgur.com/1rvs6Za.jpg,https://i.imgur.com/3Axyk5m.jpg,https://i.imgur.com/gelmWAM.jpg,https://i.imgur.com/SJurCDg.jpg,https://i.imgur.com/gelmWAM.jpg
mercedes-benz-stadium-atlanta-2017,AtlantaUnited,Atlanta United FC,MLS,Eastern,,Atlanta,GA,USA,Mercedes-Benz Stadium,,,,Artificial turf,Retractable,1500000000,,71000,42500,2017,2017,,,True,True,False,0,https://i.imgur.com/WmlfTg5.png,32,32,33.7553053403006,-84.4005797730561,https://i.imgur.com/QwPqb9u.jpg,https://i.imgur.com/bfpf9XZ.jpg,https://i.imgur.com/bBLsQh3.jpg,https://i.imgur.com/FdB6fhX.jpg,https://i.imgur.com/bfpf9XZ.jpg,https://i.imgur.com/FdB6fhX.jpg
saputo-stadium-montreal-2008,CFMontreal,CF Montreal,MLS,Eastern,,Montreal,QC,Canada,Saputo Stadium,,,,Grass,Partial,17000000,,,19619,2008,2008,,,True,True,False,0,https://i.imgur.com/e6SJ2eB.png,32,32,45.562287167386,-73.5530431304728,https://i.imgur.com/A5Nl22T.jpg,https://i.imgur.com/vFC63Fa.jpg,https://i.imgur.com/eAA6Pnm.jpg,https://i.imgur.com/FqY3jNu.jpg,https://i.imgur.com/A5Nl22T.jpg,https://i.imgur.com/FqY3jNu.jpg
rio-tinto-stadium-salt-lake-2008,RealSaltLake,Real Salt Lake,MLS,Western,,Sandy,UT,USA,Rio Tinto Stadium,,,,Grass,Partial,110000000,,,20213,2008,2008,,,True,True,False,0,https://i.imgur.com/n92AawL.png,26,35,40.5828145756322,-111.893405801754,https://i.imgur.com/4n35euz.jpg,https://i.imgur.com/P1IbYTP.jpg,https://i.imgur.com/a2hfbE5.jpg,https://i.imgur.com/1wy1kNp.jpg,https://i.imgur.com/P1IbYTP.jpg,https://i.imgur.com/1wy1kNp.jpg
allianz-field-minnesota-2019,MinnesotaUnited,Minnesota United FC,MLS,Western,,Saint Paul,MN,USA,Allianz Field,,,,Grass,Partial,200000000,,,19400,2019,2019,,,True,True,False,0,https://i.imgur.com/TtTgOEm.png,24,37,44.9531720453651,-93.1646591756956,https://i.imgur.com/NWdOTo6.jpg,https://i.imgur.com/o857ZOj.jpg,https://i.imgur.com/QXQsnrD.jpg,https://i.imgur.com/dwwvJOc.jpg,https://i.imgur.com/o857ZOj.jpg,https://i.imgur.com/dwwvJOc.jpg
q2-stadium-austin-2021,AustinFC,Austin FC,MLS,Western,,Austin,TX,USA,Q2 Stadium,,,,Grass,Partial,260000000,,,20738,2021,2021,,,True,True,False,0,https://i.imgur.com/GU0r2Iw.png,26,34,30.3877090619524,-97.7193751019508,https://i.imgur.com/Qya9LYL.jpg,https://i.imgur.com/I1qUsfb.jpg,https://i.imgur.com/R1WeCA8.jpg,https://i.imgur.com/UjrTw0I.jpg,https://i.imgur.com/I1qUsfb.jpg,https://i.imgur.com/UjrTw0I.jpg
audi-field-dc-2018,DCUnited,D.C. United,MLS,Eastern,,Washington,DC,USA,Audi Field,,,,Grass,Partial,450000000,,,20000,2018,2018,,,True,True,False,0,https://i.imgur.com/F2ryFUn.png,31,33,38.8689128281676,-77.0129154419622,https://i.imgur.com/8C7RPHg.jpg,https://i.imgur.com/dKVbdo4.jpg,https://i.imgur.com/9KxDAKR.jpg,https://i.imgur.com/c8hy7KH.jpg,https://i.imgur.com/dKVbdo4.jpg,https://i.imgur.com/c8hy7KH.jpg
lowercom-field-columbus-2021,ColumbusCrew,Columbus Crew,MLS,Eastern,,Columbus,OH,USA,Lower.com Field,,,,Grass,Partial,314000000,,,20371,2021,2021,,,True,True,False,0,https://i.imgur.com/1gnGvNT.png,32,32,39.9684475342008,-83.0170849729311,https://i.imgur.com/UGdF4HU.jpg,https://i.imgur.com/UHv0vLs.jpg,https://i.imgur.com/8pDD987.jpg,https://i.imgur.com/DCRaw1a.jpg,https://i.imgur.com/UHv0vLs.jpg,https://i.imgur.com/DCRaw1a.jpg
aac-dallas-2001,DallasMavericks,Dallas Mavericks,NBA,Western,Southwest,Dallas,TX,USA,American Airlines Center,,,,,Arena,420000000,,21146,19200,2001,2001,,,True,True,False,0,https://i.imgur.com/PlR4KwL.png,31,32,32.7905350282131,-96.8098148339857,https://i.imgur.com/CnidA0u.jpg,https://i.imgur.com/CSSiYtb.jpg,https://i.imgur.com/BTKnBqe.jpg,https://i.imgur.com/52pWvsL.jpg,https://i.imgur.com/CSSiYtb.jpg,https://i.imgur.com/52pWvsL.jpg
ball-arena-denver-1999,DenverNuggets,Denver Nuggets,NBA,Western,Northwest,Denver,CO,USA,Ball Arena,,,Pepsi Center (1999-2020),,Arena,187000000,,,19520,1999,1999,,,True,True,False,0,https://i.imgur.com/CvfwUE1.png,32,32,39.7488544535948,-105.006926885278,https://i.imgur.com/1jXA2uA.jpg,https://i.imgur.com/4pAsd4I.jpg,https://i.imgur.com/gJlsNqL.jpg,https://i.imgur.com/geGh36G.jpg,https://i.imgur.com/4pAsd4I.jpg,https://i.imgur.com/geGh36G.jpg
united-center-chicago-1994,ChicagoBulls,Chicago Bulls,NBA,Eastern,Central,Chicago,IL,USA,United Center,,The Madhouse on Madison,,,Arena,175000000,,23129,20917,1994,1994,,,True,True,False,0,https://i.imgur.com/BmkBgyr.png,32,32,41.8808904790772,-87.6737574772839,https://i.imgur.com/rsx1lJy.jpg,https://i.imgur.com/mjOCEiP.jpg,https://i.imgur.com/oqkHZVQ.jpg,https://i.imgur.com/vEMj6Uc.jpg,https://i.imgur.com/mjOCEiP.jpg,https://i.imgur.com/vEMj6Uc.jpg
moda-center-portland-1995,PortlandTrailBlazers,Portland Trail Blazers,NBA,Western,Northwest,Portland,OR,USA,Moda Center,Rose Garden,,Rose Garden (1995-2013),,Arena,262000000,,,19393,1995,1995,,,True,True,True,1,https://i.imgur.com/8NjpUpz.png,33,28,45.5317078775675,-122.666134198636,https://i.imgur.com/uuaXdhj.jpg,https://i.imgur.com/EfjuTlC.jpg,https://i.imgur.com/Jk8Egg3.jpg,https://i.imgur.com/AmQwEJt.jpg,https://i.imgur.com/EfjuTlC.jpg,https://i.imgur.com/AmQwEJt.jpg
smoothie-king-center-new-orleans-1999,NewOrleansPelicans,New Orleans Pelicans,NBA,Western,Southwest,New Orleans,LA,USA,Smoothie King Center,New Orleans Arena,,New Orleans Arena (1999-2014),,Arena,114000000,,18500,16867,1999,2002,,,True,True,False,0,https://i.imgur.com/0EQ63iz.png,36,27,29.9493139678137,-90.0815525468326,https://i.imgur.com/BkWmKpY.jpg,https://i.imgur.com/LlGl1kq.jpg,https://i.imgur.com/0Kw1rOx.png,https://i.imgur.com/c18p1OM.jpg,https://i.imgur.com/LlGl1kq.jpg,https://i.imgur.com/c18p1OM.jpg
vivint-arena-utah-1991,UtahJazz,Utah Jazz,NBA,Western,Northwest,Salt Lake City,UT,USA,Vivint Arena,,,Delta Center (1991-2006) --- EnergySolutions Arena (2006-2015) --- Vivint Smart Home Arena (2015-2020),,Arena,93000000,,,18306,1991,1991,,,True,True,False,0,https://i.imgur.com/UzsF1a8.png,37,24,40.7684549667764,-111.900701163816,https://i.imgur.com/JPsI0sT.jpg,https://i.imgur.com/Db7oEuo.jpg,https://i.imgur.com/yTL9BIv.jpg,https://i.imgur.com/VGuUASt.jpg,https://i.imgur.com/Db7oEuo.jpg,https://i.imgur.com/VGuUASt.jpg
ftx-arena-miami-1999,MiamiHeat,Miami Heat,NBA,Eastern,Southeast,Miami,FL,USA,FTX Arena,,,American Airlines Arena (1999-2021),,Arena,213000000,,,19600,1999,2000,,,True,True,False,0,https://i.imgur.com/8SoLZuh.png,26,36,25.7817105315512,-80.1864540180585,https://i.imgur.com/UbZ5fq7.jpg,https://i.imgur.com/WU4Xngz.jpg,https://i.imgur.com/RJoIb6l.jpg,https://i.imgur.com/kjels7P.jpg,https://i.imgur.com/WU4Xngz.jpg,https://i.imgur.com/kjels7P.jpg
chase-center-san-francisco-2019,GoldenStateWarriors,Golden State Warriors,NBA,Western,Pacific,San Francisco,CA,USA,Chase Center,,,,,Arena,1400000000,,,18046,2019,2019,,,True,True,False,0,https://i.imgur.com/B6nJ9nb.png,29,35,37.7681370151462,-122.387458777374,https://i.imgur.com/G4vT8lC.jpg,https://i.imgur.com/KZEP8rD.jpg,https://i.imgur.com/6TevLqR.jpg,https://i.imgur.com/mztoBSQ.jpg,https://i.imgur.com/KZEP8rD.jpg,https://i.imgur.com/mztoBSQ.jpg
fedex-forum-memphis-2004,MemphisGrizzlies,Memphis Grizzlies,NBA,Western,Southwest,Memphis,TN,USA,FedEx Forum,,,,,Arena,250000000,,,17794,2004,2004,,,True,True,False,0,https://i.imgur.com/h06iVu3.png,29,35,35.1383172537483,-90.050264536946,https://i.imgur.com/93xVpx2.jpg,https://i.imgur.com/6WtYCI5.jpg,https://i.imgur.com/ssuJQgn.jpg,https://i.imgur.com/MpxP6Yy.jpg,https://i.imgur.com/6WtYCI5.jpg,https://i.imgur.com/ssuJQgn.jpg
msg-new-york-1968,NewYorkKnicks,New York Knicks,NBA,Eastern,Atlantic,New York City,NY,USA,Madison Square Garden,,The Garden,,,Arena,123000000,200000000 (1989-1991),,19812,1968,1968,,,True,True,False,0,https://i.imgur.com/3cEjGzp.png,35,27,40.7507564383421,-73.9925911238867,https://i.imgur.com/V8uDsPD.jpg,https://i.imgur.com/UIp3kvh.jpg,https://i.imgur.com/x22zz4q.jpg,https://i.imgur.com/Lquzves.jpg,https://i.imgur.com/UIp3kvh.jpg,https://i.imgur.com/x22zz4q.jpg
gainbridge-fieldhouse-indianapolis-1999,IndianaPacers,Indiana Pacers,NBA,Eastern,Central,Indianapolis,IN,USA,Gainbridge Fieldhouse,,The Fieldhouse,Conseco Fieldhouse (1999-2011) --- Bankers Life Fieldhouse (2011-2021),,Arena,183000000,,,17923,1999,1999,,,True,True,True,3,https://i.imgur.com/GgU5NXe.png,32,32,39.7642990388518,-86.1551182773311,https://i.imgur.com/Ua9FPD8.jpg,https://i.imgur.com/gmbVKjo.jpg,https://i.imgur.com/uuXuLTM.jpg,https://i.imgur.com/G9s1hMZ.jpg,https://i.imgur.com/gmbVKjo.jpg,https://i.imgur.com/uuXuLTM.jpg
toyota-center-houston-2003,HoustonRockets,Houston Rockets,NBA,Western,Southwest,Houston,TX,USA,Toyota Center,,,,,Arena,235000000,,,18055,2003,2003,,,True,True,False,0,https://i.imgur.com/rQqaus5.png,36,27,29.7509094168657,-95.3616391621781,https://i.imgur.com/Zq3ES4N.jpg,https://i.imgur.com/MJG7fS3.jpg,https://i.imgur.com/4y3o59m.jpg,https://i.imgur.com/DdJ9fRl.jpg,https://i.imgur.com/MJG7fS3.jpg,https://i.imgur.com/DdJ9fRl.jpg
spectrum-center-charlotte-2005,CharlotteHornets,Charlotte Hornets,NBA,Eastern,Southeast,Charlotte,NC,USA,Spectrum Center,,,Time Warner Cable Arena (2005-2016),,Arena,260000000,,20200,19077,2005,2005,,,True,True,False,0,https://i.imgur.com/oJYMBiJ.png,32,31,35.2254769013934,-80.8388114890685,https://i.imgur.com/cuupTZ8.jpg,https://i.imgur.com/jxP2WcM.jpg,https://i.imgur.com/haJPGuq.jpg,https://i.imgur.com/HF66v69.jpg,https://i.imgur.com/jxP2WcM.jpg,https://i.imgur.com/HF66v69.jpg
att-center-san-antonio-2002,SanAntonioSpurs,San Antonio Spurs,NBA,Western,Southwest,San Antonio,TX,USA,AT&T Center,,,SBC Center (2002-2006),,Arena,186000000,,,18418,2002,2002,,,True,True,False,0,https://i.imgur.com/uk8j0ZN.png,44,20,29.4273377414895,-98.436842944331,https://i.imgur.com/r4MpNCL.jpg,https://i.imgur.com/GVbmwK8.jpg,https://i.imgur.com/zaz1BXh.jpg,https://i.imgur.com/8cwCuYL.jpg,https://i.imgur.com/GVbmwK8.jpg,https://i.imgur.com/zaz1BXh.jpg
capital-one-arena-dc-1997,WashingtonWizards,Washington Wizards,NBA,Eastern,Southeast,Washington,DC,USA,Capital One Arena,,,MCI Center (1997-2006) --- Verizon Center (2006-2017),,Arena,260000000,,,20356,1997,1997,,,True,True,False,0,https://i.imgur.com/tUm0e1n.png,32,32,38.8984346744421,-77.0202667159807,https://i.imgur.com/SLu20Ml.jpg,https://i.imgur.com/AIwQRP4.jpg,https://i.imgur.com/UOpn3jV.jpg,https://i.imgur.com/sMjr6uX.jpg,https://i.imgur.com/AIwQRP4.jpg,https://i.imgur.com/UOpn3jV.jpg
rocket-mortgage-fieldhouse-cleveland-1994,ClevelandCavaliers,Cleveland Cavaliers,NBA,Eastern,Central,Cleveland,OH,USA,Rocket Mortgage Fieldhouse,,,Gund Arena (1994-2005) --- Quicken Loans Arena (2005-2019),,Arena,100000000,,,19432,1994,1994,,,True,True,False,0,https://i.imgur.com/nRWEAv3.png,26,38,41.4967563109544,-81.6875853331148,https://i.imgur.com/uFcOQta.jpg,https://i.imgur.com/nS4s5mi.jpg,https://i.imgur.com/SttwMoR.jpg,https://i.imgur.com/R9Yqffg.png,https://i.imgur.com/nS4s5mi.jpg,https://i.imgur.com/SttwMoR.jpg
little-caesars-arena-detroit-2017,DetroitPistons,Detroit Pistons,NBA,Eastern,Central,Detroit,MI,USA,Little Caesars Arena,,,,,Arena,862900000,,,20332,2017,2017,,,True,True,False,0,https://i.imgur.com/JeYvjAk.png,32,32,42.3412929035688,-83.0547737754243,https://i.imgur.com/Q1lxQxB.jpg,https://i.imgur.com/6olszyx.jpg,https://i.imgur.com/Xl6b8Ac.jpg,https://i.imgur.com/o1xkL9g.jpg,https://i.imgur.com/Q1lxQxB.jpg,https://i.imgur.com/o1xkL9g.jpg
paycom-center-okc-2002,OklahomaCityThunder,Oklahoma City Thunder,NBA,Western,Northwest,Oklahoma City,OK,USA,Paycom Center,,,Ford Center (2002-2010) --- Oklahoma City Arena (2010-2011) --- Chesapeake Energy Arena (2011-2021),,Arena,89200000,,,18203,2002,2008,,,True,True,False,0,https://i.imgur.com/ZEI0lYy.png,31,34,35.4636256651055,-97.5144915295438,https://i.imgur.com/lQ9WnHO.jpg,https://i.imgur.com/JaBtir5.jpg,https://i.imgur.com/2fGkSRz.jpg,https://i.imgur.com/uETjpEx.jpg,https://i.imgur.com/JaBtir5.jpg,https://i.imgur.com/uETjpEx.jpg
footprint-center-phoenix-1992,PhoenixSuns,Phoenix Suns,NBA,Western,Pacific,Phoenix,AZ,USA,Footprint Center,,,America West Arena (1992-2006) --- US Airways Center (2006-2015) --- Talking Stick Resort Arena (2015-2020) --- PHX Arena (2020-2021),,Arena,89000000,67000000 (2003),,17071,1992,1992,,,True,True,False,0,https://i.imgur.com/bWHNI4r.png,30,30,33.4460503081091,-112.070663860266,https://i.imgur.com/PWCCFSB.jpg,https://i.imgur.com/EFQSSDr.jpg,https://i.imgur.com/E1GqwhE.jpg,https://i.imgur.com/OlGubRr.jpg,https://i.imgur.com/EFQSSDr.jpg,https://i.imgur.com/OlGubRr.jpg
staples-center-los-angeles-1999,LosAngelesLakers,Los Angeles Lakers,NBA,Western,Pacific,Los Angeles,CA,USA,Crypto.com Arena,,,Staples Center (1999-2021),,Arena,375000000,,,18997,1999,1999,,,True,True,False,0,https://i.imgur.com/jdgPMTJ.png,46,30,34.0432575129079,-118.266567456557,https://i.imgur.com/iPtTDiR.jpg,https://i.imgur.com/o6P0LVO.png,https://i.imgur.com/SBh7GJb.jpg,https://i.imgur.com/SGQHlFZ.jpg,https://i.imgur.com/o6P0LVO.png,https://i.imgur.com/SBh7GJb.jpg
wells-fargo-center-philadelphia-1996,Philadelphia76ers,Philadelphia 76ers,NBA,Eastern,Atlantic,Philadelphia,PA,USA,Wells Fargo Center,,,CoreStates Center (1996-1998) --- First Union Center (1998-2003) --- Wachovia Center (2003-2010) ,,Arena,210000000,,,20478,1996,1996,,,True,True,False,0,https://i.imgur.com/7O6QN3f.png,32,32,39.901448398226,-75.1712177545899,https://i.imgur.com/ljeMDFa.jpg,https://i.imgur.com/E4XMLEu.jpg,https://i.imgur.com/ESdQvTT.jpg,https://i.imgur.com/WXjxUz9.jpg,https://i.imgur.com/E4XMLEu.jpg,https://i.imgur.com/WXjxUz9.jpg
td-garden-boston-1995,BostonCeltics,Boston Celtics,NBA,Eastern,Atlantic,Boston,MA,USA,TD Garden,,The Garden,Shawmut Center (1995) --- FleetCenter (1995-2005) --- TD Banknorth Garden (2005-2009) ,,Arena,160000000,,,19156,1995,1995,,,True,True,False,0,https://i.imgur.com/Kd6spYe.png,31,34,42.3664278626175,-71.0616417465882,https://i.imgur.com/9rWaoHK.jpg,https://i.imgur.com/Ykk4dWQ.jpg,https://i.imgur.com/cpguBdl.jpg,https://i.imgur.com/wnTO315.jpg,https://i.imgur.com/Ykk4dWQ.jpg,https://i.imgur.com/wnTO315.jpg
state-farm-arena-atlanta-1999,AtlantaHawks,Atlanta Hawks,NBA,Eastern,Southeast,Atlanta,GA,USA,State Farm Arena,,,Philips Arena (1999-2018),,Arena,213500000,192500000 (2017-2018),,16600,1999,1999,,,True,True,False,0,https://i.imgur.com/cF9mqtf.png,32,32,33.7574942390312,-84.3954875528646,https://i.imgur.com/RNYuuS5.jpg,https://i.imgur.com/9PoiIeu.jpg,https://i.imgur.com/OARrEEn.jpg,https://i.imgur.com/LqRqFVc.jpg,https://i.imgur.com/9PoiIeu.jpg,https://i.imgur.com/LqRqFVc.jpg
amway-center-orlando-2010,OrlandoMagic,Orlando Magic,NBA,Eastern,Southeast,Orlando,FL,USA,Amway Center,,,,,Arena,480000000,,,18846,2010,2010,,,True,True,False,0,https://i.imgur.com/My3TLuF.png,34,25,28.5394664367138,-81.3833599756902,https://i.imgur.com/2z016T4.jpg,https://i.imgur.com/8LIVMvJ.jpg,https://i.imgur.com/rjDM3gR.jpg,https://i.imgur.com/W43eplw.jpg,https://i.imgur.com/2z016T4.jpg,https://i.imgur.com/W43eplw.jpg
staples-center-los-angeles-1999,LosAngelesClippers,Los Angeles Clippers,NBA,Western,Pacific,Los Angeles,CA,USA,Crypto.com Arena,,,Staples Center (1999-2021),,Arena,375000000,,,18997,1999,1999,,,True,True,False,0,https://i.imgur.com/v03K0v9.png,34,26,34.0432575129079,-118.266567456557,https://i.imgur.com/7sbmjUE.jpg,https://i.imgur.com/dFgT2Hu.jpg,https://i.imgur.com/SBh7GJb.jpg,https://i.imgur.com/SGQHlFZ.jpg,https://i.imgur.com/dFgT2Hu.jpg,https://i.imgur.com/SBh7GJb.jpg
fiserv-forum-milwaukee-2018,MilwaukeeBucks,Milwaukee Bucks,NBA,Eastern,Central,Milwaukee,WI,USA,Fiserv Forum,,,,,Arena,1200000000,,,17500,2018,2018,,,True,True,False,0,https://i.imgur.com/lNseYPb.png,29,36,43.0452526767209,-87.9169463195857,https://i.imgur.com/fXsU6kr.jpg,https://i.imgur.com/NF0pEli.jpg,https://i.imgur.com/samzPfO.jpg,https://i.imgur.com/TcJdxo5.jpg,https://i.imgur.com/NF0pEli.jpg,https://i.imgur.com/samzPfO.jpg
target-center-minnesota-1990,MinnesotaTimberwolves,Minnesota Timberwolves,NBA,Western,Northwest,Minneapolis,MN,USA,Target Center,,,,,Arena,104000000,,,19356,1990,1990,,,True,True,False,0,https://i.imgur.com/6wXZy5S.png,32,32,44.9795467596023,-93.2755260735123,https://i.imgur.com/9aSb0II.jpg,https://i.imgur.com/foE22VU.jpg,https://i.imgur.com/O9Y9knF.jpg,https://i.imgur.com/bWAxGQO.jpg,https://i.imgur.com/foE22VU.jpg,https://i.imgur.com/bWAxGQO.jpg
barclays-center-brooklyn-2012,BrooklynNets,Brooklyn Nets,NBA,Eastern,Atlantic,Brooklyn,NY,USA,Barclays Center,,,,,Arena,1000000000,,,17732,2012,2012,,,True,True,False,0,https://i.imgur.com/k9f828W.png,28,37,40.6828417433703,-73.9746645834083,https://i.imgur.com/UBfLHaN.jpg,https://i.imgur.com/kNUXYJh.png,https://i.imgur.com/vpZau5c.jpg,https://i.imgur.com/avZdOSr.jpg,https://i.imgur.com/UBfLHaN.jpg,https://i.imgur.com/avZdOSr.jpg
scotiabank-arena-toronto-1999,TorontoRaptors,Toronto Raptors,NBA,Eastern,Atlantic,Toronto,ON,Canada,Scotiabank Arena,,,Air Canada Centre (1999-2018),,Arena,251700000,,20511,19800,1999,1999,,,True,True,False,0,https://i.imgur.com/AR4e1YA.png,32,32,43.6437145234961,-79.3784980870379,https://i.imgur.com/HuACQes.jpg,https://i.imgur.com/bbbPGRa.jpg,https://i.imgur.com/QeCTgR0.jpg,https://i.imgur.com/PHPHIxL.jpg,https://i.imgur.com/HuACQes.jpg,https://i.imgur.com/PHPHIxL.jpg
golden1-center-sacramento-2016,SacramentoKings,Sacramento Kings,NBA,Western,Pacific,Sacramento,CA,USA,Golden 1 Center,,,,,Arena,558200000,,,17608,2016,2016,,,True,True,False,0,https://i.imgur.com/yF2kieQ.png,37,24,38.580347060371,-121.499241777357,https://i.imgur.com/axh9vvg.jpg,https://i.imgur.com/UDnkioa.jpg,https://i.imgur.com/mScBFv7.jpg,https://i.imgur.com/tzodblZ.jpg,https://i.imgur.com/axh9vvg.jpg,https://i.imgur.com/tzodblZ.jpg
highmark-stadium-buffalo-1973,BuffaloBills,Buffalo Bills,NFL,AFC,East,Buffalo,NY,USA,Highmark Stadium,Ralph Wilson Stadium,The Ralph,Rich Stadium (1973-1997) --- Ralph Wilson Stadium (1998-2015) --- New Era Field (2016-2019) --- Bills Stadium (2020-2021),Artificial turf,Open,22000000,,,71608,1973,1973,,,True,True,False,0,https://i.imgur.com/4oVSove.png,37,24,42.7740144669014,-78.7862641987028,https://i.imgur.com/wUgj4nS.jpg,https://i.imgur.com/cxI7BJ1.jpg,https://i.imgur.com/ryfuiTf.jpg,https://i.imgur.com/WTl9j3f.jpg,https://i.imgur.com/wUgj4nS.jpg,https://i.imgur.com/WTl9j3f.jpg
mile-high-denver-2001,DenverBroncos,Denver Broncos,NFL,AFC,West,Denver,CO,USA,Empower Field at Mile High,Mile High Stadium,Mile High,Invesco Field (2001-2011) --- Sports Authority Field (2011-2018) --- Broncos Stadium (2018-2019),Grass,Open,400900000,,,76125,2001,2001,,,True,True,False,0,https://i.imgur.com/oiNzIWl.png,42,25,39.7440957167784,-105.01957296014,https://i.imgur.com/7l3p5Xu.jpg,https://i.imgur.com/KENnTfx.jpg,https://i.imgur.com/DMkNsIa.jpg,https://i.imgur.com/xnQJzCJ.jpg,https://i.imgur.com/7l3p5Xu.jpg,https://i.imgur.com/xnQJzCJ.jpg
raymond-james-stadium-tampa-1998,TampaBayBuccaneers,Tampa Bay Buccaneers,NFL,NFC,South,Tampa,FL,USA,Raymond James Stadium,,,,Grass,Open,168500000,,75000,65890,1998,1998,,,True,True,False,0,https://i.imgur.com/lDvMb2z.png,34,30,27.9761438607396,-82.5025511971383,https://i.imgur.com/xYt48V4.jpg,https://i.imgur.com/veJUlJY.jpg,https://i.imgur.com/CoAob1n.jpg,https://i.imgur.com/NDQK7Fm.jpg,https://i.imgur.com/xYt48V4.jpg,https://i.imgur.com/NDQK7Fm.jpg
ford-field-detroit-2002,DetroitLions,Detroit Lions,NFL,NFC,North,Detroit,MI,USA,Ford Field,,,,Artificial turf,Dome,500000000,,70000,65000,2002,2002,,,True,True,False,0,https://i.imgur.com/ooTO542.png,34,26,42.3401967068871,-83.04521676378,https://i.imgur.com/Cvw1ojo.jpg,https://i.imgur.com/MGK1I3r.jpg,https://i.imgur.com/bMCRQ6x.jpg,https://i.imgur.com/FNW1z0k.jpg,https://i.imgur.com/MGK1I3r.jpg,https://i.imgur.com/FNW1z0k.jpg
lucas-oil-stadium-indianapolis-2008,IndianapolisColts,Indianapolis Colts,NFL,AFC,South,Indianapolis,IN,USA,Lucas Oil Stadium,,,,Artificial turf,Retractable,720000000,,70000,67000,2008,2008,,,True,True,True,1,https://i.imgur.com/OIUdipz.png,30,32,39.7603233633323,-86.1632761582911,https://i.imgur.com/qWxE4vp.jpg,https://i.imgur.com/OZPCren.jpg,https://i.imgur.com/1cXfPcD.jpg,https://i.imgur.com/jzNNaIC.jpg,https://i.imgur.com/qWxE4vp.jpg,https://i.imgur.com/jzNNaIC.jpg
sofi-stadium-los-angeles-2020,LosAngelesRams,Los Angeles Rams,NFL,NFC,West,Inglewood,CA,USA,SoFi Stadium,,,,Artificial turf,Covered,5500000000,,,70000,2020,2020,,,True,True,False,0,https://i.imgur.com/yQECyWL.png,40,26,33.9536163715301,-118.338395871901,https://i.imgur.com/YlViceu.jpg,https://imgur.com/17pdwr8.jpg,https://i.imgur.com/zM4XCsY.jpg,https://i.imgur.com/Wxu2j73.jpg,https://i.imgur.com/YlViceu.jpg,https://i.imgur.com/Wxu2j73.jpg
hard-rock-stadium-miami-1987,MiamiDolphins,Miami Dolphins,NFL,AFC,East,Miami Gardens,FL,USA,Hard Rock Stadium,,,Joe Robbie Stadium (1987-1996) --- Pro Player Stadium (1996-2005) --- Dolphin Stadium (2005-2009) --- Land Shark Stadium (2009-2010) --- Sun Life Stadium (2010-2016),Grass,Partial,115000000,,,65326,1987,1987,,,True,True,False,0,https://i.imgur.com/RGpPBVB.png,37,24,25.9582655234009,-80.2378840781267,https://i.imgur.com/gbUyQ49.jpg,https://i.imgur.com/uKfv95V.jpg,https://i.imgur.com/KUjZ6wN.jpg,https://i.imgur.com/q3smrPb.jpg,https://i.imgur.com/gbUyQ49.jpg,https://i.imgur.com/KUjZ6wN.jpg
gillette-stadium-new-england-2002,NewEnglandPatriots,New England Patriots,NFL,AFC,East,Foxborough,MA,USA,Gillette Stadium,,,,Artificial turf,Open,325000000,,,66829,2002,2002,,,True,True,False,0,https://i.imgur.com/S89eYCN.png,45,22,42.0912005521495,-71.2636598563899,https://i.imgur.com/97JUruW.jpg,https://i.imgur.com/oF8TFq8.jpg,https://i.imgur.com/FhdHxzW.jpg,https://i.imgur.com/2aC0Gy2.jpg,https://i.imgur.com/97JUruW.jpg,https://i.imgur.com/2aC0Gy2.jpg
state-farm-stadium-arizona-2006,ArizonaCardinals,Arizona Cardinals,NFL,NFC,West,Glendale,AZ,USA,State Farm Stadium,,,University of Phoenix Stadium (2006-2018),Grass,Dome,455000000,,72200,63400,2006,2006,,,True,True,False,0,https://i.imgur.com/mK5j6wU.png,32,30,33.5279096993743,-112.261736995198,https://i.imgur.com/lV6c2kF.jpg,https://i.imgur.com/cmcS6fr.jpg,https://i.imgur.com/j4giY1M.jpg,https://i.imgur.com/poNqsS1.jpg,https://i.imgur.com/cmcS6fr.jpg,https://i.imgur.com/poNqsS1.jpg
lincoln-financial-field-philadelphia-2003,PhiladelphiaEagles,Philadelphia Eagles,NFL,NFC,East,Philadelphia,PA,USA,Lincoln Financial Field,,The Linc,,Grass,Open,512000000,,,69596,2003,2003,,,True,True,False,0,https://i.imgur.com/pBfFB6Z.png,36,25,39.9015423222271,-75.1669743313014,https://i.imgur.com/UNp4FJv.jpg,https://i.imgur.com/NioaVjJ.jpg,https://i.imgur.com/MdjDnyT.jpg,https://i.imgur.com/gslBQHA.jpg,https://i.imgur.com/NioaVjJ.jpg,https://i.imgur.com/gslBQHA.jpg
lumen-field-seattle-2002,SeattleSeahawks,Seattle Seahawks,NFL,NFC,West,Seattle,WA,USA,Lumen Field,,,Seahawks Stadium (2002-2004) --- Qwest Field (2004-2011) --- CenturyLink Field (2011-2020),Artificial turf,Partial,430000000,,72000,69000,2002,2002,,,True,True,True,1,https://i.imgur.com/ZOKlWzX.png,37,24,47.5953905384899,-122.330845467899,https://i.imgur.com/LAvb2re.jpg,https://i.imgur.com/sIGjYuj.jpg,https://i.imgur.com/3Axyk5m.jpg,https://i.imgur.com/gelmWAM.jpg,https://i.imgur.com/sIGjYuj.jpg,https://i.imgur.com/gelmWAM.jpg
superdome-new-orleans-1975,NewOrleansSaints,New Orleans Saints,NFL,NFC,South,New Orleans,LA,USA,Caesars Superdome,The Superdome,,Louisiana Superdome (1975-2011) --- Mercedes-Benz Superdome (2011-2021),Artificial turf,Dome,134000000,193000000 (2005-2006),76468,73208,1975,1975,,,True,True,False,0,https://i.imgur.com/WR4nbkd.png,28,34,29.9513398621311,-90.0807721333393,https://i.imgur.com/awLsb8x.jpg,https://i.imgur.com/GNTbp6R.jpg,https://i.imgur.com/t8zN3qY.jpg,https://i.imgur.com/9Rpxx4t.jpg,https://i.imgur.com/awLsb8x.jpg,https://i.imgur.com/t8zN3qY.jpg
mt-bank-stadium-baltimore-1998,BaltimoreRavens,Baltimore Ravens,NFL,AFC,North,Baltimore,MD,USA,M&T Bank Stadium,Ravens Stadium,,Ravens Stadium at Camden Yards (1998-1999) --- PSINet Stadium (1999-2002) --- Ravens Stadium (2002-2003),Grass,Open,220000000,,,71008,1998,1998,,,True,True,False,0,https://i.imgur.com/YBOEJF4.png,48,23,39.2781952044768,-76.621953383439,https://i.imgur.com/GjhYYuN.jpg,https://i.imgur.com/uq40G5f.jpg,https://i.imgur.com/m5dOhe7.jpg,https://i.imgur.com/tnAuCt8.jpg,https://i.imgur.com/GjhYYuN.jpg,https://i.imgur.com/tnAuCt8.jpg
nrg-stadium-houston-2002,HoustonTexas,Houston Texans,NFL,AFC,South,Houston,TX,USA,NRG Stadium,,,Reliant Stadium (2002-2014),Artificial turf,Retractable,352000000,,80000,72220,2002,2002,,,True,True,False,0,https://i.imgur.com/aTvCjxE.png,40,26,29.6849828646093,-95.4101924180013,https://i.imgur.com/Wx0X8MF.jpg,https://i.imgur.com/m47bWEb.jpg,https://i.imgur.com/xUW2GxQ.jpg,https://i.imgur.com/BsX7mzU.jpg,https://i.imgur.com/Wx0X8MF.jpg,https://i.imgur.com/BsX7mzU.jpg
arrowhead-stadium-kansas-city-1972,KansasCityChiefs,Kansas City Chiefs,NFL,AFC,West,Kansas City,MO,USA,GEHA Field at Arrowhead Stadium,Arrowhead Stadium,Arrowhead,Arrowhead Stadium (1972-2020),Grass,Open,43000000,375000000 (2007-2010),,76416,1972,1972,,,True,True,False,0,https://i.imgur.com/clrXdXo.png,39,25,39.0491056557682,-94.4838620708973,https://i.imgur.com/tKNNiFE.jpg,https://i.imgur.com/0brnDXC.jpg,https://i.imgur.com/vuqLfmf.jpg,https://i.imgur.com/tqIb3RU.jpg,https://i.imgur.com/0brnDXC.jpg,https://i.imgur.com/tqIb3RU.jpg
us-bank-stadium-minnesota-2016,MinnesotaVikings,Minnesota Vikings,NFL,NFC,North,Minneapolis,MN,USA,US Bank Stadium,,,,Artificial turf,Dome,1061000000,,73000,66655,2016,2016,,,True,True,False,0,https://i.imgur.com/jdq3aSp.png,28,35,44.9737902873211,-93.2569580600191,https://i.imgur.com/0DwMfBZ.jpg,https://i.imgur.com/11Q8SNG.jpg,https://i.imgur.com/peYPFw8.jpg,https://i.imgur.com/cyVQFae.jpg,https://i.imgur.com/11Q8SNG.jpg,https://i.imgur.com/cyVQFae.jpg
fedex-field-dc-1997,WashingtonCommanders,Washington Commanders,NFL,NFC,East,Landover,MD,USA,FedEx Field,,,Jack Kent Cooke Stadium (1997-1999),Grass,Open,250500000,,,67717,1997,1997,,,True,True,False,0,https://i.imgur.com/WjUl27c.png,40,22,38.9079618898512,-76.8642059945409,https://i.imgur.com/tuFtwYZ.jpg,https://i.imgur.com/t7OQSFL.jpg,https://i.imgur.com/Dz1PB7l.jpg,https://i.imgur.com/iCXCJdD.jpg,https://i.imgur.com/tuFtwYZ.jpg,https://i.imgur.com/iCXCJdD.jpg
sofi-stadium-los-angeles-2020,LosAngelesChargers,Los Angeles Chargers,NFL,AFC,West,Inglewood,CA,USA,SoFi Stadium,,,,Artificial turf,Covered,5500000000,,,70000,2020,2020,,,True,True,False,0,https://i.imgur.com/ifY9kJG.png,44,18,33.9536163715301,-118.338395871901,https://i.imgur.com/yKsx2Oz.jpg,https://i.imgur.com/17pdwr8.jpg,https://i.imgur.com/zM4XCsY.jpg,https://i.imgur.com/Wxu2j73.jpg,https://i.imgur.com/yKsx2Oz.jpg,https://i.imgur.com/Wxu2j73.jpg
soldier-field-chicago-1924,ChicagoBears,Chicago Bears,NFL,NFC,North,Chicago,IL,USA,Soldier Field,,,Municipal Grant Park Stadium (1924-1925),Grass,Open,13000000,632000000 (2002-2003),,61500,1924,1971,,,True,True,False,0,https://i.imgur.com/PLWWDJP.png,39,26,41.8625129365016,-87.616302163791,https://i.imgur.com/q7ygpAC.jpg,https://i.imgur.com/nnpGr2P.jpg,https://i.imgur.com/hQYBCoT.jpg,https://i.imgur.com/k4gqdVD.jpg,https://i.imgur.com/nnpGr2P.jpg,https://i.imgur.com/k4gqdVD.jpg
bank-of-america-stadium-charlotte-1996,CarolinaPanthers,Carolina Panthers,NFL,NFC,South,Charlotte,NC,USA,Bank of America Stadium,,,Ericsson Stadium (1996-2004),Artificial turf,Open,248000000,,,75523,1996,1996,,,True,True,False,0,https://i.imgur.com/lP8muQe.png,40,26,35.2259810572494,-80.8527182387933,https://i.imgur.com/nvPQAR9.jpg,https://i.imgur.com/7JfJE5r.jpg,https://i.imgur.com/0EhPQaX.jpg,https://i.imgur.com/sUzfK8W.jpg,https://i.imgur.com/nvPQAR9.jpg,https://i.imgur.com/sUzfK8W.jpg
metlife-stadium-nj-2010,NewYorkGiants,New York Giants,NFL,NFC,East,East Rutherford,NJ,USA,MetLife Stadium,,The Meadowlands,New Meadowlands Stadium (2010-2011),Artificial turf,Open,1600000000,,,82500,2010,2010,,,True,True,False,0,https://i.imgur.com/BQUXkzH.png,36,28,40.8137499794622,-74.0738883736101,https://i.imgur.com/FFYKTCk.jpg,https://i.imgur.com/Gjul3p3.jpg,https://i.imgur.com/kYnPx2d.jpg,https://i.imgur.com/IHNl4QQ.jpg,https://i.imgur.com/Gjul3p3.jpg,https://i.imgur.com/IHNl4QQ.jpg
tiaa-bank-field-jacksonville-1995,JacksonvilleJaguars,Jacksonville Jaguars,NFL,AFC,South,Jacksonville,FL,USA,TIAA Bank Field,,,Jacksonville Municipal Stadium (1995-1996) --- Alltel Stadium (1997-2006) --- Jacksonville Municipal Stadium (2007-2010) --- EverBank Field (2010-2018),Grass,Open,121000000,,82000,69132,1995,1995,,,True,True,False,0,https://i.imgur.com/1PXUJ68.png,36,26,30.3241691884978,-81.6368025314843,https://i.imgur.com/1Y6mEPm.jpg,https://i.imgur.com/5fIiFEx.jpg,https://i.imgur.com/x9c1FpH.jpg,https://i.imgur.com/t9Wh8Oz.jpg,https://i.imgur.com/1Y6mEPm.jpg,https://i.imgur.com/t9Wh8Oz.jpg
lambeau-field-green-bay-1957,GreenBayPackers,Green Bay Packers,NFL,NFC,North,Green Bay,WI,USA,Lambeau Field,,The Frozen Tundra,City Stadium (1957-1964),Grass,Open,960000,295000000 (2001-2003),,81441,1957,1957,,,True,True,False,0,https://i.imgur.com/A7lSwsQ.png,38,25,44.5015624915395,-88.061489469826,https://i.imgur.com/yO0Xo6a.jpg,https://i.imgur.com/7pKJDvV.jpg,https://i.imgur.com/oactwvu.jpg,https://i.imgur.com/TLNyoWJ.jpg,https://i.imgur.com/7pKJDvV.jpg,https://i.imgur.com/TLNyoWJ.jpg
levis-stadium-santa-clara-2014,SanFrancisco49ers,San Francisco 49ers,NFL,NFC,West,Santa Clara,CA,USA,Levi's Stadium,,,,Grass,Open,1300000000,,,68500,2014,2014,,,True,True,False,0,https://i.imgur.com/7k2GX73.png,41,24,37.4035806850402,-121.968690756492,https://i.imgur.com/2eN3LeV.jpg,https://i.imgur.com/IAqV7g0.jpg,https://i.imgur.com/evb1JiX.jpg,https://i.imgur.com/m690jgP.jpg,https://i.imgur.com/2eN3LeV.jpg,https://i.imgur.com/m690jgP.jpg
allegiant-stadium-las-vegas-2020,LasVegasRaiders,Las Vegas Raiders,NFL,AFC,West,Paradise,NV,USA,Allegiant Stadium,,,,Grass,Dome,1900000000,,71835,65000,2020,2020,,,True,True,False,0,https://i.imgur.com/OAYQRBt.png,28,30,36.0910658851174,-115.182839404394,https://i.imgur.com/jfXmaZD.jpg,https://i.imgur.com/rbmBgtd.jpg,https://i.imgur.com/03Kk3gb.jpg,https://i.imgur.com/4PxqOv7.jpg,https://i.imgur.com/rbmBgtd.jpg,https://i.imgur.com/4PxqOv7.jpg
metlife-stadium-nj-2010,NewYorkJets,New York Jets,NFL,AFC,East,East Rutherford,NJ,USA,MetLife Stadium,,The Meadowlands,New Meadowlands Stadium (2010-2011),Artificial turf,Open,1600000000,,,82500,2010,2010,,,True,True,False,0,https://i.imgur.com/TclvDME.png,41,24,40.8137499794622,-74.0738883736101,https://i.imgur.com/aVwKkvm.jpg,https://i.imgur.com/Gjul3p3.jpg,https://i.imgur.com/kYnPx2d.jpg,https://i.imgur.com/IHNl4QQ.jpg,https://i.imgur.com/Gjul3p3.jpg,https://i.imgur.com/IHNl4QQ.jpg
first-energy-stadium-cleveland-1999,ClevelandBrowns,Cleveland Browns,NFL,AFC,North,Cleveland,OH,USA,FirstEnergy Stadium,Cleveland Browns Stadium,,Cleveland Browns Stadium (1999-2013),Grass,Open,283000000,,,67895,1999,1999,,,True,True,False,0,https://i.imgur.com/Mb0UTIv.png,34,28,41.5062704149311,-81.6990116601012,https://i.imgur.com/zt63fuP.jpg,https://i.imgur.com/4vtTv6e.jpg,https://i.imgur.com/px7AG70.jpg,https://i.imgur.com/SUXBPny.jpg,https://i.imgur.com/zt63fuP.jpg,https://i.imgur.com/SUXBPny.jpg
paul-brown-stadium-cincinnati-2000,CincinnatiBengals,Cincinnati Bengals,NFL,AFC,North,Cincinnati,OH,USA,Paycor Stadium,Paul Brown Stadium,The Jungle,Paul Brown Stadium (2000-2022),Grass,Open,455000000,,,65515,2000,2000,,,True,True,True,9,https://i.imgur.com/XT4DIIe.png,32,32,39.0957240304899,-84.5156929215235,https://i.imgur.com/swsOUvI.jpg,https://i.imgur.com/hYy0pIf.jpg,https://i.imgur.com/Tb3LiCd.jpg,https://i.imgur.com/dUpHuoI.png,https://i.imgur.com/hYy0pIf.jpg,https://i.imgur.com/dUpHuoI.png
heinz-field-pittsburgh-2001,PittsburghSteelers,Pittsburgh Steelers,NFL,AFC,North,Pittsburgh,PA,USA,Acrisure Stadium,,,Heinz Field (2001-2022),Grass,Open,281000000,,,68400,2001,2001,,,True,True,False,0,https://imgur.com/dar1649.png,30,30,40.4469076828204,-80.0157227491756,https://i.imgur.com/40LqJC7.jpg,https://i.imgur.com/BCYDKrz.jpg,https://i.imgur.com/ZnuwGVe.jpg,https://i.imgur.com/zaGKdrf.jpg,https://i.imgur.com/BCYDKrz.jpg,https://i.imgur.com/zaGKdrf.jpg
nissan-stadium-nashville-1999,TennesseeTitans,Tennessee Titans,NFL,AFC,South,Nashville,TN,USA,Nissan Stadium,,,Adelphia Coliseum (1999-2002) --- The Coliseum (2002-2006) --- LP Field (2006-2015),Grass,Open,290000000,,,69143,1999,1999,,,True,True,True,1,https://i.imgur.com/b3PCoHs.png,38,28,36.1666955159518,-86.7707962755569,https://i.imgur.com/feUrXhH.jpg,https://i.imgur.com/dAYo6em.jpg,https://i.imgur.com/B0q4K2N.jpg,https://i.imgur.com/qYWhEOw.jpg,https://i.imgur.com/feUrXhH.jpg,https://i.imgur.com/qYWhEOw.jpg
att-stadium-dallas-2009,DallasCowboys,Dallas Cowboys,NFL,NFC,East,Arlington,TX,USA,AT&T Stadium,Cowboys Stadium,Jerry World,Cowboys Stadium (2009-2013),Artificial turf,Retractable,1300000000,,105000,80000,2009,2009,,,True,True,False,0,https://i.imgur.com/QnrbTEe.png,31,29,32.7475280189626,-97.0938072565808,https://i.imgur.com/uL8eksj.jpg,https://i.imgur.com/IG5xo7C.jpg,https://i.imgur.com/vW6GdJ4.jpg,https://i.imgur.com/fNSbq1c.jpg,https://i.imgur.com/IG5xo7C.jpg,https://i.imgur.com/fNSbq1c.jpg
mercedes-benz-stadium-atlanta-2017,AtlantaFalcons,Atlanta Falcons,NFL,NFC,South,Atlanta,GA,USA,Mercedes-Benz Stadium,,,,Artificial turf,Retractable,1600000000,,75000,71000,2017,2017,,,True,True,False,0,https://i.imgur.com/adnd9nx.png,31,33,33.755553976774,-84.3991651886277,https://i.imgur.com/LV18vc2.jpg,https://i.imgur.com/FLd7Qts.jpg,https://i.imgur.com/bBLsQh3.jpg,https://i.imgur.com/FdB6fhX.jpg,https://i.imgur.com/FLd7Qts.jpg,https://i.imgur.com/FdB6fhX.jpg
canadian-tire-centre-ottawa-1996,OttawaSenators,Ottawa Senators,NHL,Eastern,Atlantic,Ottawa,ON,Canada,Canadian Tire Centre,,,Palladium (1996) --- Corel Centre (1996-2006) --- Scotiabank Place (2006-2013),,Arena,144300000,,,18652,1996,1996,,,True,True,False,0,https://i.imgur.com/K1IAlTv.png,35,28,45.2970886601226,-75.9268337304794,https://i.imgur.com/Vz5qVip.jpg,https://i.imgur.com/wa4GT2W.jpg,https://i.imgur.com/kv2ZNOI.jpg,https://i.imgur.com/NPVMHhl.jpg,https://i.imgur.com/Vz5qVip.jpg,https://i.imgur.com/kv2ZNOI.jpg
bridgestone-arena-nashville-1996,NashvillePredators,Nashville Predators,NHL,Western,Central,Nashville,TN,USA,Bridgestone Arena,,,Nashville Arena (1996-1999) --- Gaylord Entertainment Center (1999-2007) --- Sommet Center (2007-2010),,Arena,144000000,,,17159,1996,1998,,,True,True,True,1,https://i.imgur.com/ObIqAdg.png,37,22,36.1593554871912,-86.7785173595192,https://i.imgur.com/QTjSJZl.jpg,https://i.imgur.com/QLMTvbs.jpg,https://i.imgur.com/ppbhIIc.jpg,https://i.imgur.com/980LenE.jpg,https://i.imgur.com/QLMTvbs.jpg,https://i.imgur.com/980LenE.jpg
ppg-paints-arena-pittsburgh-2010,PittsburghPenguins,Pittsburgh Penguins,NHL,Eastern,Metropolitan,Pittsburgh,PA,USA,PPG Paints Arena,,,Consol Energy Center (2010-2016),,Arena,321000000,,,18387,2010,2010,,,True,True,False,0,https://i.imgur.com/lPNxDZp.png,33,31,40.4395371400257,-79.9895044356334,https://i.imgur.com/qB5UB2R.jpg,https://i.imgur.com/3LkxOIq.jpg,https://i.imgur.com/NJmjRTB.jpg,https://i.imgur.com/VhtDIqi.jpg,https://i.imgur.com/3LkxOIq.jpg,https://i.imgur.com/VhtDIqi.jpg
keybank-center-buffalo-1996,BuffaloSabres,Buffalo Sabres,NHL,Eastern,Atlantic,Buffalo,NY,USA,KeyBank Center,,,Marine Midland Arena (1996-2000) --- HSBC Arena (2000-2011) --- First Niagara Center (2011-2016),,Arena,127500000,,,19070,1996,1996,,,True,True,False,0,https://i.imgur.com/pbUNlv6.png,32,32,42.8750653540382,-78.876522444029,https://i.imgur.com/0bkjBhY.jpg,https://i.imgur.com/uqIldyS.jpg,https://i.imgur.com/TCP5Sh5.jpg,https://i.imgur.com/X0N9EuO.jpg,https://i.imgur.com/uqIldyS.jpg,https://i.imgur.com/X0N9EuO.jpg
canada-life-center-winnipeg-2004,WinnipegJets,Winnipeg Jets,NHL,Western,Central,Winnipeg,MB,Canada,Canada Life Centre,,,MTS Centre (2004-2017) --- Bell MTS Place (2017-2021),,Arena,146000000,,,15321,2004,2011,,,True,True,False,0,https://i.imgur.com/SFaZkpV.png,32,32,49.8927479554456,-97.1437516726879,https://i.imgur.com/YooOzTM.jpg,https://i.imgur.com/pZwPm7R.jpg,https://i.imgur.com/TNbH4pt.jpg,https://i.imgur.com/VcVREed.jpg,https://i.imgur.com/pZwPm7R.jpg,https://i.imgur.com/VcVREed.jpg
rogers-place-edmonton-2016,EdmontonOilers,Edmonton Oilers,NHL,Western,Pacific,Edmonton,AB,Canada,Rogers Place,,,,,Arena,474800000,,,18347,2016,2016,,,True,True,False,0,https://i.imgur.com/Bz27DF3.png,32,32,53.546943606499,-113.497800401422,https://i.imgur.com/S3zUtD6.jpg,https://i.imgur.com/I3qyg15.jpg,https://i.imgur.com/6V2VzzU.jpg,https://i.imgur.com/A9L0qK6.jpg,https://i.imgur.com/I3qyg15.jpg,https://i.imgur.com/6V2VzzU.jpg
capital-one-arena-dc-1997,WashingtonCapitals,Washington Capitals,NHL,Eastern,Metropolitan,Washington,DC,USA,Capital One Arena,,,MCI Center (1997-2006) --- Verizon Center (2006-2017),,Arena,260000000,,,18573,1997,1997,,,True,True,False,0,https://i.imgur.com/uHbdAa5.png,38,24,38.8981424298939,-77.0208782594631,https://i.imgur.com/0nE84Bp.jpg,https://i.imgur.com/mMhj0xP.png,https://i.imgur.com/UOpn3jV.jpg,https://i.imgur.com/sMjr6uX.jpg,https://i.imgur.com/mMhj0xP.png,https://i.imgur.com/UOpn3jV.jpg
climate-pledge-arena-seattle-1962,SeattleKraken,Seattle Kraken,NHL,Western,Pacific,Seattle,WA,USA,Climate Pledge Arena,,,Washington State Pavilion (1962) --- Washington State Coliseum (1962-1964) --- Seattle Center Coliseum (1964-1994) --- KeyArena at Seattle Center (1995-2018),,Arena,7000000,74500000 (1994-1995) --- 1150000 (2018-2021),,17151,1962,2021,,,True,True,True,1,https://i.imgur.com/5Q2e9mU.png,29,36,47.6220640476586,-122.35408213042,https://i.imgur.com/HaemyoA.jpg,https://i.imgur.com/TTy1Mdp.jpg,https://i.imgur.com/jwbUaa7.jpg,https://i.imgur.com/pfTLZXm.jpg,https://i.imgur.com/TTy1Mdp.jpg,https://i.imgur.com/pfTLZXm.jpg
prudential-center-nj-2007,NewJerseyDevils,New Jersey Devils,NHL,Eastern,Metropolitan,Newark,NJ,USA,Prudential Center,,The Rock,,,Arena,375000000,,,16514,2007,2007,,,True,True,False,0,https://i.imgur.com/sLfX4a6.png,32,33,40.73351258982,-74.1710551729142,https://i.imgur.com/m1i0olV.jpg,https://i.imgur.com/3otuxSq.jpg,https://i.imgur.com/qSXj1kh.png,https://i.imgur.com/vgmCZpy.jpg,https://i.imgur.com/m1i0olV.jpg,https://i.imgur.com/vgmCZpy.jpg
scotiabank-saddledome-calgary-1983,CalgaryFlames,Calgary Flames,NHL,Western,Pacific,Calgary,AB,Canada,Scotiabank Saddledome,,,Olympic Saddledome (1983-1995) --- Canadian Airlines Saddledome (1995-2000) --- Pengrowth Saddledome (2000-2010) ,,Arena,103900000,33800000 (1994),,19289,1983,1983,,,True,True,False,0,https://i.imgur.com/yO8wa03.png,34,30,51.0374335794627,-114.05191264382,https://i.imgur.com/PigRyM1.jpg,https://i.imgur.com/DNLtDtA.jpg,https://i.imgur.com/SdXRo94.jpg,https://i.imgur.com/6sG6vC7.jpg,https://i.imgur.com/DNLtDtA.jpg,https://i.imgur.com/6sG6vC7.jpg
ball-arena-denver-1999,ColoradoAvalanche,Colorado Avalanche,NHL,Western,Central,Denver,CO,USA,Ball Arena,,,Pepsi Center (1999-2020),,Arena,187000000,,,17809,1999,1999,,,True,True,False,0,https://i.imgur.com/iio7In7.png,34,28,39.7487554665439,-105.0075813441,https://i.imgur.com/ZbawPLi.jpg,https://i.imgur.com/oWQnw5S.png,https://i.imgur.com/gJlsNqL.jpg,https://i.imgur.com/geGh36G.jpg,https://i.imgur.com/oWQnw5S.png,https://i.imgur.com/geGh36G.jpg
aac-dallas-2001,DallasStars,Dallas Stars,NHL,Western,Central,Dallas,TX,USA,American Airlines Center,,,,,Arena,420000000,,19323,18532,2001,2001,,,True,True,False,0,https://i.imgur.com/ipDW2ro.png,34,28,32.7905531276931,-96.8102332442373,https://i.imgur.com/DUJ4mJ0.jpg,https://i.imgur.com/lgzZj2v.jpg,https://i.imgur.com/BTKnBqe.jpg,https://i.imgur.com/52pWvsL.jpg,https://i.imgur.com/DUJ4mJ0.jpg,https://i.imgur.com/52pWvsL.jpg
nationwide-arena-columbus-2000,ColumbusBlueJackets,Columbus Blue Jackets,NHL,Eastern,Metropolitan,Columbus,OH,USA,Nationwide Arena,,,,,Arena,175000000,,,18144,2000,2000,,,True,True,True,4,https://i.imgur.com/i1qqzgE.png,34,29,39.9691989568512,-83.0059839287497,https://i.imgur.com/q10Nc7S.jpg,https://i.imgur.com/6gqUOqB.jpg,https://i.imgur.com/N0zgsFj.jpg,https://i.imgur.com/8ikFvgP.jpg,https://i.imgur.com/6gqUOqB.jpg,https://i.imgur.com/N0zgsFj.jpg
xcel-energy-center-minnesota-2000,MinnesotaWild,Minnesota Wild,NHL,Western,Central,Saint Paul,MN,USA,Xcel Energy Center,,The X,,,Arena,170000000,,,17954,2000,2000,,,True,True,False,0,https://i.imgur.com/zaDFNtu.png,40,26,44.9445901108924,-93.1001648607696,https://i.imgur.com/VlOKxJk.jpg,https://i.imgur.com/0N5u3ca.jpg,https://i.imgur.com/Oy60ipO.jpg,https://i.imgur.com/3inrH20.jpg,https://i.imgur.com/VlOKxJk.jpg,https://i.imgur.com/3inrH20.jpg
wells-fargo-center-philadelphia-1996,PhiladelphiaFlyers,Philadelphia Flyers,NHL,Eastern,Metropolitan,Philadelphia,PA,USA,Wells Fargo Center,,,CoreStates Center (1996-1998) --- First Union Center (1998-2003) --- Wachovia Center (2003-2010) ,,Arena,210000000,,,19306,1996,1996,,,True,True,False,0,https://i.imgur.com/DrLwtOF.png,37,26,39.9011932486857,-75.1719687729326,https://i.imgur.com/DsPk3ci.jpg,https://i.imgur.com/QZuBQjk.jpg,https://i.imgur.com/ESdQvTT.jpg,https://i.imgur.com/WXjxUz9.jpg,https://i.imgur.com/DsPk3ci.jpg,https://i.imgur.com/WXjxUz9.jpg
enterprise-center-st-louis-1994,StLouisBlues,St. Louis Blues,NHL,Western,Central,St. Louis,MO,USA,Enterprise Center,,,Kiel Center (1994-2000) --- Savvis Center (2000-2006) --- Scottrade Center (2006-2018) ,,Arena,135000000,,,18096,1994,1995,,,True,True,False,0,https://i.imgur.com/eNjpM0k.png,43,24,38.6268150345072,-90.2026139287785,https://i.imgur.com/mdhIno3.jpg,https://i.imgur.com/3PFSXq0.jpg,https://i.imgur.com/atB9Dem.jpg,https://i.imgur.com/FkZjwcD.jpg,https://i.imgur.com/3PFSXq0.jpg,https://i.imgur.com/atB9Dem.jpg
asu-multi-purpose-arena-phoenix-2022,ArizonaCoyotes,Arizona Coyotes,NHL,Western,Central,Tempe,AZ,USA,ASU Multi-Purpose Arena,,,,,Arena,134000000,,,5000,2022,2022,,,True,True,False,0,https://i.imgur.com/zIMa9ZK.png,32,33,33.4279989406063,-111.928119919098,https://i.imgur.com/ehZAIWF.jpg,https://i.imgur.com/TXPDZh8.jpg,https://i.imgur.com/6GWCBiV.jpg,,https://i.imgur.com/TXPDZh8.jpg,https://i.imgur.com/6GWCBiV.jpg
staples-center-los-angeles-1999,LosAngelesKings,Los Angeles Kings,NHL,Western,Pacific,Los Angeles,CA,USA,Crypto.com Arena,,,Staples Center (1999-2021),,Arena,375000000,,,18230,1999,1999,,,True,True,False,0,https://i.imgur.com/Aox2NrT.png,30,36,34.0432575129079,-118.266567456557,https://i.imgur.com/wifdckb.jpg,https://i.imgur.com/LVYjlhz.jpg,https://i.imgur.com/SBh7GJb.jpg,https://i.imgur.com/SGQHlFZ.jpg,https://i.imgur.com/wifdckb.jpg,https://i.imgur.com/SBh7GJb.jpg
fla-live-arena-florida-1998,FloridaPanthers,Florida Panthers,NHL,Eastern,Atlantic,Sunrise,FL,USA,FLA Live Arena,,,National Car Rental Center (1998-2002) --- Office Depot Center (2002-2005) --- Bank Atlantic Center (2005-2012) --- BB&T Center (2012-2021) ,,Arena,184000000,,,19250,1998,1998,,,True,True,False,0,https://i.imgur.com/1130dmD.png,31,35,26.1584668934783,-80.3255633173593,https://i.imgur.com/rVkMUQU.jpg,https://i.imgur.com/PBYA9h8.jpg,https://i.imgur.com/kAgJxgh.jpg,https://i.imgur.com/bQqJIGc.jpg,https://i.imgur.com/rVkMUQU.jpg,https://i.imgur.com/bQqJIGc.jpg
pnc-arena-raleigh-1999,CarolinaHurricanes,Carolina Hurricanes,NHL,Eastern,Metropolitan,Raleigh,NC,USA,PNC Arena,,,Raleigh Entertainment & Sports Arena (1999-2002) --- RBC Center (2002-2012) ,,Arena,158000000,,,18680,1999,1999,,,True,True,False,0,https://i.imgur.com/ByD1EE2.png,40,24,35.8032854730311,-78.7217910730173,https://i.imgur.com/6hReV2Q.jpg,https://i.imgur.com/g77Uwuj.jpg,https://i.imgur.com/GsEOCG3.jpg,https://i.imgur.com/VaUZObO.jpg,https://i.imgur.com/g77Uwuj.jpg,https://i.imgur.com/VaUZObO.jpg
bell-centre-montreal-1996,MontrealCanadiens,Montreal Canadiens,NHL,Eastern,Atlantic,Montreal,QC,Canada,Bell Centre,,,Molson Centre (1996-2002),,Arena,252200000,,,21105,1996,1996,,,True,True,False,0,https://i.imgur.com/H32zQlF.png,35,24,45.4962170881157,-73.5692938439656,https://i.imgur.com/Vo8ODm1.jpg,https://i.imgur.com/9RAdCfu.jpg,https://i.imgur.com/KejWqwO.jpg,https://i.imgur.com/VBCxfFL.jpg,https://i.imgur.com/9RAdCfu.jpg,https://i.imgur.com/VBCxfFL.jpg
rogers-arena-vancouver-1995,VancouverCanucks,Vancouver Canucks,NHL,Western,Pacific,Vancouver,BC,Canada,Rogers Arena,,,General Motors Place (1995-2010),,Arena,150700000,,,18910,1995,1995,,,True,True,False,0,https://i.imgur.com/BoyWjCz.png,33,31,49.2778287798287,-123.108811972704,https://i.imgur.com/D6ItH0V.jpg,https://i.imgur.com/79oXqHy.jpg,https://i.imgur.com/DEs3lfh.jpg,https://i.imgur.com/zl7AsAC.jpg,https://i.imgur.com/79oXqHy.jpg,https://i.imgur.com/DEs3lfh.jpg
sap-center-san-jose-1993,SanJoseSharks,San Jose Sharks,NHL,Western,Pacific,San Jose,CA,USA,SAP Center,,The Shark Tank,San Jose Arena (1993-2001) --- Compaq Center (2001-2002) --- HP Pavilion (2002-2013) ,,Arena,162500000,,,17562,1993,1993,,,True,True,False,0,https://i.imgur.com/XDA0mkY.png,46,30,37.3327849870582,-121.901221291429,https://i.imgur.com/7KlSxnn.jpg,https://i.imgur.com/FSLR012.jpg,https://i.imgur.com/d2cdl9B.jpg,https://i.imgur.com/ItiAZy4.jpg,https://i.imgur.com/FSLR012.jpg,https://i.imgur.com/ItiAZy4.jpg
td-garden-boston-1995,BostonBruins,Boston Bruins,NHL,Eastern,Atlantic,Boston,MA,USA,TD Garden,,The Garden,Shawmut Center (1995) --- FleetCenter (1995-2005) --- TD Banknorth Garden (2005-2009) ,,Arena,160000000,,,17850,1995,1995,,,True,True,False,0,https://i.imgur.com/8kqvBhH.png,32,32,42.3661583439111,-71.0621138152045,https://i.imgur.com/KgXfYbN.jpg,https://i.imgur.com/kFXYJIn.jpg,https://i.imgur.com/cpguBdl.jpg,https://i.imgur.com/wnTO315.jpg,https://i.imgur.com/kFXYJIn.jpg,https://i.imgur.com/wnTO315.jpg
msg-new-york-1968,NewYorkRangers,New York Rangers,NHL,Eastern,Metropolitan,New York City,NY,USA,Madison Square Garden,,The Garden,,,Arena,123000000,200000000 (1989-1991),,18006,1968,1968,,,True,True,False,0,https://i.imgur.com/yVzG44o.png,32,31,40.750480096039,-73.9934065152412,https://i.imgur.com/Qd9XXqQ.jpg,https://i.imgur.com/QlBZL6r.jpg,https://i.imgur.com/x22zz4q.jpg,https://i.imgur.com/Lquzves.jpg,https://i.imgur.com/QlBZL6r.jpg,https://i.imgur.com/x22zz4q.jpg
amalie-arena-tampa-1996,TampaBayLightning,Tampa Bay Lightning,NHL,Eastern,Atlantic,Tampa,FL,USA,Amalie Arena,,,Ice Palace (1996-2002) --- St. Pete Times Forum (2002-2012) --- Tampa Bay Times Forum (2012-2014) ,,Arena,139000000,,,19092,1996,1996,,,True,True,False,0,https://i.imgur.com/30XrY9W.png,32,32,27.9428842093501,-82.4517610066994,https://i.imgur.com/4Fw2GWJ.jpg,https://i.imgur.com/ykrI5H4.jpg,https://i.imgur.com/IRLu3R9.jpg,https://i.imgur.com/cqEn1J4.jpg,https://i.imgur.com/ykrI5H4.jpg,https://i.imgur.com/cqEn1J4.jpg
tmobile-arena-las-vegas-2016,VegasGoldenKnights,Vegas Golden Knights,NHL,Western,Pacific,Paradise,NV,USA,T-Mobile Arena,,,,,Arena,375000000,,,17368,2016,2017,,,True,True,False,0,https://i.imgur.com/V2qa8Zz.png,43,28,36.1028829745903,-115.178114115339,https://i.imgur.com/vMrq7MV.jpg,https://i.imgur.com/vz813BN.jpg,https://i.imgur.com/TDT1dWP.jpg,https://i.imgur.com/D4Kks7K.jpg,https://i.imgur.com/vz813BN.jpg,https://i.imgur.com/D4Kks7K.jpg
ubs-arena-new-york-2021,NewYorkIslanders,New York Islanders,NHL,Eastern,Metropolitan,Elmont,NY,USA,UBS Arena,,,,,Arena,1000000000,,,17255,2021,2021,,,True,True,False,0,https://i.imgur.com/Ct372IZ.png,32,32,40.7117412844618,-73.7260183440784,https://i.imgur.com/GMBG4Tm.jpg,https://i.imgur.com/Bp2I6kt.jpg,https://i.imgur.com/AkPJ7V3.jpg,https://i.imgur.com/MBBTAyk.jpg,https://i.imgur.com/Bp2I6kt.jpg,https://i.imgur.com/MBBTAyk.jpg
honda-center-anaheim-1993,AnaheimDucks,Anaheim Ducks,NHL,Western,Pacific,Anaheim,CA,USA,Honda Center,,,Arrowhead Pond of Anaheim (1993-2006),,Arena,123000000,,,17174,1993,1993,,,True,True,False,0,https://i.imgur.com/o67Z7It.png,42,24,33.8078386659034,-117.876447244219,https://i.imgur.com/2BNO9Hy.jpg,https://i.imgur.com/5DTRojD.jpg,https://i.imgur.com/M99pvAu.jpg,https://i.imgur.com/aMaY11I.jpg,https://i.imgur.com/5DTRojD.jpg,https://i.imgur.com/aMaY11I.jpg
scotiabank-arena-toronto-1999,TorontoMapleLeafs,Toronto Maple Leafs,NHL,Eastern,Atlantic,Toronto,ON,Canada,Scotiabank Arena,,,Air Canada Centre (1999-2018),,Arena,251700000,,20270,18800,1999,1999,,,True,True,False,0,https://i.imgur.com/6jJm3Sz.png,31,35,43.6434427873001,-79.3790774440107,https://i.imgur.com/OvL8HAJ.jpg,https://i.imgur.com/1MM7Ibo.jpg,https://i.imgur.com/QeCTgR0.jpg,https://i.imgur.com/PHPHIxL.jpg,https://i.imgur.com/OvL8HAJ.jpg,https://i.imgur.com/PHPHIxL.jpg
little-caesars-arena-detroit-2017,DetroitRedWings,Detroit Red Wings,NHL,Eastern,Atlantic,Detroit,MI,USA,Little Caesars Arena,,,,,Arena,862900000,,,19515,2017,2017,,,True,True,False,0,https://i.imgur.com/3Cu6HWT.png,36,27,42.3410629280833,-83.0552673017139,https://i.imgur.com/59qifnK.jpg,https://i.imgur.com/fKIa73l.jpg,https://i.imgur.com/Xl6b8Ac.jpg,https://i.imgur.com/o1xkL9g.jpg,https://i.imgur.com/59qifnK.jpg,https://i.imgur.com/o1xkL9g.jpg
united-center-chicago-1994,ChicagoBlackhawks,Chicago Blackhawks,NHL,Western,Central,Chicago,IL,USA,United Center,,The Madhouse on Madison,,,Arena,175000000,,22428,19717,1994,1994,,,True,True,False,0,https://i.imgur.com/W0v56QU.png,33,29,41.8806668150868,-87.6741544440519,https://i.imgur.com/36oWc3Z.jpg,https://i.imgur.com/wM0LzDO.jpg,https://i.imgur.com/oqkHZVQ.jpg,https://i.imgur.com/vEMj6Uc.jpg,https://i.imgur.com/wM0LzDO.jpg,https://i.imgur.com/vEMj6Uc.jpg
